KEY,TICKER,DATE,TIME,CLOSE
0,CHMF,2024-06-07,10:00:00,1960.0
1,CHMF,2024-06-07,11:00:00,1960.0
2,CHMF,2024-06-07,12:00:00,1960.0
3,CHMF,2024-06-07,13:00:00,1960.0
4,CHMF,2024-06-07,14:00:00,1960.0
5,CHMF,2024-06-07,15:00:00,1960.0
6,CHMF,2024-06-07,16:00:00,1960.0
7,CHMF,2024-06-07,17:00:00,1960.0
8,CHMF,2024-06-07,18:00:00,1960.0
9,CHMF,2024-06-07,20:00:00,1960.0
10,CHMF,2024-06-07,21:00:00,1960.0
11,CHMF,2024-06-07,22:00:00,1960.0
12,CHMF,2024-06-07,23:00:00,1960.0
13,CHMF,2024-06-10,10:00:00,1960.0
14,CHMF,2024-06-10,11:00:00,1960.0
15,CHMF,2024-06-10,12:00:00,1960.0
16,CHMF,2024-06-10,13:00:00,1960.0
17,CHMF,2024-06-10,14:00:00,1960.0
18,CHMF,2024-06-10,15:00:00,1960.0
19,CHMF,2024-06-10,16:00:00,1960.0
20,CHMF,2024-06-10,17:00:00,1960.0
21,CHMF,2024-06-10,18:00:00,1960.0
22,CHMF,2024-06-10,20:00:00,1960.0
23,CHMF,2024-06-10,21:00:00,1960.0
24,CHMF,2024-06-10,22:00:00,1960.0
25,CHMF,2024-06-10,23:00:00,1960.0
26,VKCO,2024-05-13,10:00:00,574.8
27,VKCO,2024-05-13,11:00:00,574.8
28,VKCO,2024-05-13,12:00:00,574.8
29,VKCO,2024-05-13,13:00:00,574.8
30,VKCO,2024-05-13,14:00:00,574.8
31,VKCO,2024-05-13,15:00:00,574.8
32,VKCO,2024-05-13,16:00:00,574.8
33,VKCO,2024-05-13,17:00:00,574.8
34,VKCO,2024-05-13,18:00:00,574.8
35,VKCO,2024-05-13,20:00:00,574.8
36,VKCO,2024-05-13,21:00:00,574.8
37,VKCO,2024-05-13,22:00:00,574.8
38,VKCO,2024-05-13,23:00:00,574.8
39,VKCO,2024-05-14,10:00:00,574.8
40,VKCO,2024-05-14,11:00:00,574.8
41,VKCO,2024-05-14,12:00:00,574.8
42,VKCO,2024-05-14,13:00:00,574.8
43,VKCO,2024-05-14,14:00:00,574.8
44,VKCO,2024-05-14,15:00:00,574.8
45,VKCO,2024-05-14,16:00:00,574.8
46,VKCO,2024-05-14,17:00:00,574.8
47,VKCO,2024-05-14,18:00:00,574.8
48,VKCO,2024-05-14,20:00:00,574.8
49,VKCO,2024-05-14,21:00:00,574.8
50,VKCO,2024-05-14,22:00:00,574.8
51,VKCO,2024-05-14,23:00:00,574.8
52,VKCO,2024-05-15,10:00:00,574.8
53,VKCO,2024-05-15,11:00:00,574.8
54,VKCO,2024-05-15,12:00:00,574.8
55,VKCO,2024-05-15,13:00:00,574.8
56,VKCO,2024-05-15,14:00:00,574.8
57,VKCO,2024-05-15,15:00:00,574.8
58,VKCO,2024-05-15,16:00:00,574.8
59,VKCO,2024-05-15,17:00:00,574.8
60,VKCO,2024-05-15,18:00:00,574.8
61,VKCO,2024-05-15,20:00:00,574.8
62,VKCO,2024-05-15,21:00:00,574.8
63,VKCO,2024-05-15,22:00:00,574.8
64,VKCO,2024-05-15,23:00:00,574.8
65,VKCO,2024-05-16,10:00:00,574.8
66,VKCO,2024-05-16,11:00:00,574.8
67,VKCO,2024-05-16,12:00:00,574.8
68,VKCO,2024-05-16,13:00:00,574.8
69,VKCO,2024-05-16,14:00:00,574.8
70,VKCO,2024-05-16,15:00:00,574.8
71,VKCO,2024-05-16,16:00:00,574.8
72,VKCO,2024-05-16,17:00:00,574.8
73,VKCO,2024-05-16,18:00:00,574.8
74,VKCO,2024-05-16,20:00:00,574.8
75,VKCO,2024-05-16,21:00:00,574.8
76,VKCO,2024-05-16,22:00:00,574.8
77,VKCO,2024-05-16,23:00:00,574.8
78,VKCO,2024-05-17,10:00:00,574.8
79,VKCO,2024-05-17,11:00:00,574.8
80,VKCO,2024-05-17,12:00:00,574.8
81,VKCO,2024-05-17,13:00:00,574.8
82,VKCO,2024-05-17,14:00:00,574.8
83,VKCO,2024-05-17,15:00:00,574.8
84,VKCO,2024-05-17,16:00:00,574.8
85,VKCO,2024-05-17,17:00:00,574.8
86,VKCO,2024-05-17,18:00:00,574.8
87,VKCO,2024-05-17,20:00:00,574.8
88,VKCO,2024-05-17,21:00:00,574.8
89,VKCO,2024-05-17,22:00:00,574.8
90,VKCO,2024-05-17,23:00:00,574.8
91,VKCO,2024-05-20,10:00:00,574.8
92,VKCO,2024-05-20,11:00:00,574.8
93,VKCO,2024-05-20,12:00:00,574.8
94,VKCO,2024-05-20,13:00:00,574.8
95,VKCO,2024-05-20,14:00:00,574.8
96,VKCO,2024-05-20,15:00:00,574.8
97,VKCO,2024-05-20,16:00:00,574.8
98,VKCO,2024-05-20,17:00:00,574.8
99,VKCO,2024-05-20,18:00:00,574.8
100,VKCO,2024-05-20,20:00:00,574.8
101,VKCO,2024-05-20,21:00:00,574.8
102,VKCO,2024-05-20,22:00:00,574.8
103,VKCO,2024-05-20,23:00:00,574.8
104,VKCO,2024-05-21,10:00:00,574.8
105,VKCO,2024-05-21,11:00:00,574.8
106,VKCO,2024-05-21,12:00:00,574.8
107,VKCO,2024-05-21,13:00:00,574.8
108,VKCO,2024-05-21,14:00:00,574.8
109,VKCO,2024-05-21,15:00:00,574.8
110,VKCO,2024-05-21,16:00:00,574.8
111,VKCO,2024-05-21,17:00:00,574.8
112,VKCO,2024-05-21,18:00:00,574.8
113,VKCO,2024-05-21,20:00:00,574.8
114,VKCO,2024-05-21,21:00:00,574.8
115,VKCO,2024-05-21,22:00:00,574.8
116,VKCO,2024-05-21,23:00:00,574.8
117,VKCO,2024-05-22,10:00:00,574.8
118,VKCO,2024-05-22,11:00:00,574.8
119,VKCO,2024-05-22,12:00:00,574.8
120,VKCO,2024-05-22,13:00:00,574.8
121,VKCO,2024-05-22,14:00:00,574.8
122,VKCO,2024-05-22,15:00:00,574.8
123,VKCO,2024-05-22,16:00:00,574.8
124,VKCO,2024-05-22,17:00:00,574.8
125,VKCO,2024-05-22,18:00:00,574.8
126,VKCO,2024-05-22,20:00:00,574.8
127,VKCO,2024-05-22,21:00:00,574.8
128,VKCO,2024-05-22,22:00:00,574.8
129,VKCO,2024-05-23,10:00:00,574.8
130,VKCO,2024-05-23,11:00:00,574.8
131,VKCO,2024-05-23,12:00:00,574.8
132,VKCO,2024-05-23,13:00:00,574.8
133,VKCO,2024-05-23,14:00:00,574.8
134,VKCO,2024-05-23,15:00:00,574.8
135,VKCO,2024-05-23,16:00:00,574.8
136,VKCO,2024-05-23,17:00:00,574.8
137,VKCO,2024-05-23,18:00:00,574.8
138,VKCO,2024-05-23,20:00:00,574.8
139,VKCO,2024-05-23,21:00:00,574.8
140,VKCO,2024-05-23,22:00:00,574.8
141,VKCO,2024-05-23,23:00:00,574.8
142,VKCO,2024-05-24,10:00:00,574.8
143,VKCO,2024-05-24,11:00:00,574.8
144,VKCO,2024-05-24,12:00:00,574.8
145,VKCO,2024-05-24,13:00:00,574.8
146,VKCO,2024-05-24,14:00:00,574.8
147,VKCO,2024-05-24,15:00:00,574.8
148,VKCO,2024-05-24,16:00:00,574.8
149,VKCO,2024-05-24,17:00:00,574.8
150,VKCO,2024-05-24,18:00:00,574.8
151,VKCO,2024-05-24,20:00:00,574.8
152,VKCO,2024-05-24,21:00:00,574.8
153,VKCO,2024-05-24,22:00:00,574.8
154,VKCO,2024-05-24,23:00:00,574.8
155,VKCO,2024-05-27,10:00:00,574.8
156,VKCO,2024-05-27,11:00:00,574.8
157,VKCO,2024-05-27,12:00:00,574.8
158,VKCO,2024-05-27,13:00:00,574.8
159,VKCO,2024-05-27,14:00:00,574.8
160,VKCO,2024-05-27,15:00:00,574.8
161,VKCO,2024-05-27,16:00:00,574.8
162,VKCO,2024-05-27,17:00:00,574.8
163,VKCO,2024-05-27,18:00:00,574.8
164,VKCO,2024-05-27,20:00:00,574.8
165,VKCO,2024-05-27,21:00:00,574.8
166,VKCO,2024-05-27,22:00:00,574.8
167,VKCO,2024-05-27,23:00:00,574.8
168,VKCO,2024-05-28,10:00:00,574.8
169,VKCO,2024-05-28,11:00:00,574.8
170,VKCO,2024-05-28,12:00:00,574.8
171,VKCO,2024-05-28,13:00:00,574.8
172,VKCO,2024-05-28,14:00:00,574.8
173,VKCO,2024-05-28,15:00:00,574.8
174,VKCO,2024-05-28,16:00:00,574.8
175,VKCO,2024-05-28,17:00:00,574.8
176,VKCO,2024-05-28,18:00:00,574.8
177,VKCO,2024-05-28,20:00:00,574.8
178,VKCO,2024-05-28,21:00:00,574.8
179,VKCO,2024-05-28,22:00:00,574.8
180,VKCO,2024-05-28,23:00:00,574.8
181,VKCO,2024-05-29,10:00:00,574.8
182,VKCO,2024-05-29,11:00:00,574.8
183,VKCO,2024-05-29,12:00:00,574.8
184,VKCO,2024-05-29,13:00:00,574.8
185,VKCO,2024-05-29,14:00:00,574.8
186,VKCO,2024-05-29,15:00:00,574.8
187,VKCO,2024-05-29,16:00:00,574.8
188,VKCO,2024-05-29,17:00:00,574.8
189,VKCO,2024-05-29,18:00:00,574.8
190,VKCO,2024-05-29,20:00:00,574.8
191,VKCO,2024-05-29,21:00:00,574.8
192,VKCO,2024-05-29,22:00:00,574.8
193,VKCO,2024-05-29,23:00:00,574.8
194,VKCO,2024-05-30,10:00:00,574.8
195,VKCO,2024-05-30,11:00:00,574.8
196,VKCO,2024-05-30,12:00:00,574.8
197,VKCO,2024-05-30,13:00:00,574.8
198,VKCO,2024-05-30,14:00:00,574.8
199,VKCO,2024-05-30,15:00:00,574.8
200,VKCO,2024-05-30,16:00:00,574.8
201,VKCO,2024-05-30,17:00:00,574.8
202,VKCO,2024-05-30,18:00:00,574.8
203,VKCO,2024-05-30,20:00:00,574.8
204,VKCO,2024-05-30,21:00:00,574.8
205,VKCO,2024-05-30,22:00:00,574.8
206,VKCO,2024-05-30,23:00:00,574.8
207,VKCO,2024-05-31,10:00:00,574.8
208,VKCO,2024-05-31,11:00:00,574.8
209,VKCO,2024-05-31,12:00:00,574.8
210,VKCO,2024-05-31,13:00:00,574.8
211,VKCO,2024-05-31,14:00:00,574.8
212,VKCO,2024-05-31,15:00:00,574.8
213,VKCO,2024-05-31,16:00:00,574.8
214,VKCO,2024-05-31,17:00:00,574.8
215,VKCO,2024-05-31,18:00:00,574.8
216,VKCO,2024-05-31,20:00:00,574.8
217,VKCO,2024-05-31,21:00:00,574.8
218,VKCO,2024-05-31,22:00:00,574.8
219,VKCO,2024-05-31,23:00:00,574.8
220,VKCO,2024-06-03,10:00:00,574.8
221,VKCO,2024-06-03,11:00:00,574.8
222,VKCO,2024-06-03,12:00:00,574.8
223,VKCO,2024-06-03,13:00:00,574.8
224,VKCO,2024-06-03,14:00:00,574.8
225,VKCO,2024-06-03,15:00:00,574.8
226,VKCO,2024-06-03,16:00:00,574.8
227,VKCO,2024-06-03,17:00:00,574.8
228,VKCO,2024-06-03,18:00:00,574.8
229,VKCO,2024-06-03,20:00:00,574.8
230,VKCO,2024-06-03,21:00:00,574.8
231,VKCO,2024-06-03,22:00:00,574.8
232,VKCO,2024-06-03,23:00:00,574.8
233,VKCO,2024-06-04,10:00:00,574.8
234,VKCO,2024-06-04,11:00:00,574.8
235,VKCO,2024-06-04,12:00:00,574.8
236,VKCO,2024-06-04,13:00:00,574.8
237,VKCO,2024-06-04,14:00:00,574.8
238,VKCO,2024-06-04,15:00:00,574.8
239,VKCO,2024-06-04,16:00:00,574.8
240,VKCO,2024-06-04,17:00:00,574.8
241,VKCO,2024-06-04,18:00:00,574.8
242,VKCO,2024-06-04,20:00:00,574.8
243,VKCO,2024-06-04,21:00:00,574.8
244,VKCO,2024-06-04,22:00:00,574.8
245,VKCO,2024-06-04,23:00:00,574.8
246,VKCO,2024-06-05,10:00:00,574.8
247,VKCO,2024-06-05,11:00:00,574.8
248,VKCO,2024-06-05,12:00:00,574.8
249,VKCO,2024-06-05,13:00:00,574.8
250,VKCO,2024-06-05,14:00:00,574.8
251,VKCO,2024-06-05,15:00:00,574.8
252,VKCO,2024-06-05,16:00:00,574.8
253,VKCO,2024-06-05,17:00:00,574.8
254,VKCO,2024-06-05,18:00:00,574.8
255,VKCO,2024-06-05,20:00:00,574.8
256,VKCO,2024-06-05,21:00:00,574.8
257,VKCO,2024-06-05,22:00:00,574.8
258,VKCO,2024-06-05,23:00:00,574.8
259,VKCO,2024-06-06,10:00:00,574.8
260,VKCO,2024-06-06,11:00:00,574.8
261,VKCO,2024-06-06,12:00:00,574.8
262,VKCO,2024-06-06,13:00:00,574.8
263,VKCO,2024-06-06,14:00:00,574.8
264,VKCO,2024-06-06,15:00:00,574.8
265,VKCO,2024-06-06,16:00:00,574.8
266,VKCO,2024-06-06,17:00:00,574.8
267,VKCO,2024-06-06,18:00:00,574.8
268,VKCO,2024-06-06,20:00:00,574.8
269,VKCO,2024-06-06,21:00:00,574.8
270,VKCO,2024-06-06,22:00:00,574.8
271,VKCO,2024-06-06,23:00:00,574.8
272,MTSS,2024-06-07,10:00:00,312.15
273,MTSS,2024-06-07,11:00:00,312.15
274,MTSS,2024-06-07,12:00:00,312.15
275,MTSS,2024-06-07,13:00:00,312.15
276,MTSS,2024-06-07,14:00:00,312.15
277,MTSS,2024-06-07,15:00:00,312.15
278,MTSS,2024-06-07,16:00:00,312.15
279,MTSS,2024-06-07,17:00:00,312.15
280,MTSS,2024-06-07,18:00:00,312.15
281,MTSS,2024-06-07,20:00:00,312.15
282,MTSS,2024-06-07,21:00:00,312.15
283,MTSS,2024-06-07,22:00:00,312.15
284,MTSS,2024-06-07,23:00:00,312.15
285,MTSS,2024-06-10,10:00:00,312.15
286,MTSS,2024-06-10,11:00:00,312.15
287,MTSS,2024-06-10,12:00:00,312.15
288,MTSS,2024-06-10,13:00:00,312.15
289,MTSS,2024-06-10,14:00:00,312.15
290,MTSS,2024-06-10,15:00:00,312.15
291,MTSS,2024-06-10,16:00:00,312.15
292,MTSS,2024-06-10,17:00:00,312.15
293,MTSS,2024-06-10,18:00:00,312.15
294,MTSS,2024-06-10,20:00:00,312.15
295,MTSS,2024-06-10,21:00:00,312.15
296,MTSS,2024-06-10,22:00:00,312.15
297,MTSS,2024-06-10,23:00:00,312.15
298,SMLT,2024-06-07,10:00:00,3628.0
299,SMLT,2024-06-07,11:00:00,3628.0
300,SMLT,2024-06-07,12:00:00,3628.0
301,SMLT,2024-06-07,13:00:00,3628.0
302,SMLT,2024-06-07,14:00:00,3628.0
303,SMLT,2024-06-07,15:00:00,3628.0
304,SMLT,2024-06-07,16:00:00,3628.0
305,SMLT,2024-06-07,17:00:00,3628.0
306,SMLT,2024-06-07,18:00:00,3628.0
307,SMLT,2024-06-07,20:00:00,3628.0
308,SMLT,2024-06-07,21:00:00,3628.0
309,SMLT,2024-06-07,22:00:00,3628.0
310,SMLT,2024-06-07,23:00:00,3628.0
311,SMLT,2024-06-10,10:00:00,3628.0
312,SMLT,2024-06-10,11:00:00,3628.0
313,SMLT,2024-06-10,12:00:00,3628.0
314,SMLT,2024-06-10,13:00:00,3628.0
315,SMLT,2024-06-10,14:00:00,3628.0
316,SMLT,2024-06-10,15:00:00,3628.0
317,SMLT,2024-06-10,16:00:00,3628.0
318,SMLT,2024-06-10,17:00:00,3628.0
319,SMLT,2024-06-10,18:00:00,3628.0
320,SMLT,2024-06-10,20:00:00,3628.0
321,SMLT,2024-06-10,21:00:00,3628.0
322,SMLT,2024-06-10,22:00:00,3628.0
323,SBER,2024-05-13,10:00:00,313.49
324,SBER,2024-05-13,11:00:00,313.49
325,SBER,2024-05-13,12:00:00,313.49
326,SBER,2024-05-13,13:00:00,313.49
327,SBER,2024-05-13,14:00:00,313.49
328,SBER,2024-05-13,15:00:00,313.49
329,SBER,2024-05-13,16:00:00,313.49
330,SBER,2024-05-13,17:00:00,313.49
331,SBER,2024-05-13,18:00:00,313.49
332,SBER,2024-05-13,20:00:00,313.49
333,SBER,2024-05-13,21:00:00,313.49
334,SBER,2024-05-13,22:00:00,313.49
335,SBER,2024-05-13,23:00:00,313.49
336,SBER,2024-05-14,10:00:00,313.49
337,SBER,2024-05-14,11:00:00,313.49
338,SBER,2024-05-14,12:00:00,313.49
339,SBER,2024-05-14,13:00:00,313.49
340,SBER,2024-05-14,14:00:00,313.49
341,SBER,2024-05-14,15:00:00,313.49
342,SBER,2024-05-14,16:00:00,313.49
343,SBER,2024-05-14,17:00:00,313.49
344,SBER,2024-05-14,18:00:00,313.49
345,SBER,2024-05-14,20:00:00,313.49
346,SBER,2024-05-14,21:00:00,313.49
347,SBER,2024-05-14,22:00:00,313.49
348,SBER,2024-05-14,23:00:00,313.49
349,SBER,2024-05-15,10:00:00,313.49
350,SBER,2024-05-15,11:00:00,313.49
351,SBER,2024-05-15,12:00:00,313.49
352,SBER,2024-05-15,13:00:00,313.49
353,SBER,2024-05-15,14:00:00,313.49
354,SBER,2024-05-15,15:00:00,313.49
355,SBER,2024-05-15,16:00:00,313.49
356,SBER,2024-05-15,17:00:00,313.49
357,SBER,2024-05-15,18:00:00,313.49
358,SBER,2024-05-15,20:00:00,313.49
359,SBER,2024-05-15,21:00:00,313.49
360,SBER,2024-05-15,22:00:00,313.49
361,SBER,2024-05-15,23:00:00,313.49
362,SBER,2024-05-16,10:00:00,313.49
363,SBER,2024-05-16,11:00:00,313.49
364,SBER,2024-05-16,12:00:00,313.49
365,SBER,2024-05-16,13:00:00,313.49
366,SBER,2024-05-16,14:00:00,313.49
367,SBER,2024-05-16,15:00:00,313.49
368,SBER,2024-05-16,16:00:00,313.49
369,SBER,2024-05-16,17:00:00,313.49
370,SBER,2024-05-16,18:00:00,313.49
371,SBER,2024-05-16,20:00:00,313.49
372,SBER,2024-05-16,21:00:00,313.49
373,SBER,2024-05-16,22:00:00,313.49
374,SBER,2024-05-16,23:00:00,313.49
375,SBER,2024-05-17,10:00:00,313.49
376,SBER,2024-05-17,11:00:00,313.49
377,SBER,2024-05-17,12:00:00,313.49
378,SBER,2024-05-17,13:00:00,313.49
379,SBER,2024-05-17,14:00:00,313.49
380,SBER,2024-05-17,15:00:00,313.49
381,SBER,2024-05-17,16:00:00,313.49
382,SBER,2024-05-17,17:00:00,313.49
383,SBER,2024-05-17,18:00:00,313.49
384,SBER,2024-05-17,20:00:00,313.49
385,SBER,2024-05-17,21:00:00,313.49
386,SBER,2024-05-17,22:00:00,313.49
387,SBER,2024-05-17,23:00:00,313.49
388,SBER,2024-05-20,10:00:00,313.49
389,SBER,2024-05-20,11:00:00,313.49
390,SBER,2024-05-20,12:00:00,313.49
391,SBER,2024-05-20,13:00:00,313.49
392,SBER,2024-05-20,14:00:00,313.49
393,SBER,2024-05-20,15:00:00,313.49
394,SBER,2024-05-20,16:00:00,313.49
395,SBER,2024-05-20,17:00:00,313.49
396,SBER,2024-05-20,18:00:00,313.49
397,SBER,2024-05-20,20:00:00,313.49
398,SBER,2024-05-20,21:00:00,313.49
399,SBER,2024-05-20,22:00:00,313.49
400,SBER,2024-05-20,23:00:00,313.49
401,SBER,2024-05-21,10:00:00,313.49
402,SBER,2024-05-21,11:00:00,313.49
403,SBER,2024-05-21,12:00:00,313.49
404,SBER,2024-05-21,13:00:00,313.49
405,SBER,2024-05-21,14:00:00,313.49
406,SBER,2024-05-21,15:00:00,313.49
407,SBER,2024-05-21,16:00:00,313.49
408,SBER,2024-05-21,17:00:00,313.49
409,SBER,2024-05-21,18:00:00,313.49
410,SBER,2024-05-21,20:00:00,313.49
411,SBER,2024-05-21,21:00:00,313.49
412,SBER,2024-05-21,22:00:00,313.49
413,SBER,2024-05-21,23:00:00,313.49
414,SBER,2024-05-22,10:00:00,313.49
415,SBER,2024-05-22,11:00:00,313.49
416,SBER,2024-05-22,12:00:00,313.49
417,SBER,2024-05-22,13:00:00,313.49
418,SBER,2024-05-22,14:00:00,313.49
419,SBER,2024-05-22,15:00:00,313.49
420,SBER,2024-05-22,16:00:00,313.49
421,SBER,2024-05-22,17:00:00,313.49
422,SBER,2024-05-22,18:00:00,313.49
423,SBER,2024-05-22,20:00:00,313.49
424,SBER,2024-05-22,21:00:00,313.49
425,SBER,2024-05-22,22:00:00,313.49
426,SBER,2024-05-22,23:00:00,313.49
427,SBER,2024-05-23,10:00:00,313.49
428,SBER,2024-05-23,11:00:00,313.49
429,SBER,2024-05-23,12:00:00,313.49
430,SBER,2024-05-23,13:00:00,313.49
431,SBER,2024-05-23,14:00:00,313.49
432,SBER,2024-05-23,15:00:00,313.49
433,SBER,2024-05-23,16:00:00,313.49
434,SBER,2024-05-23,17:00:00,313.49
435,SBER,2024-05-23,18:00:00,313.49
436,SBER,2024-05-23,20:00:00,313.49
437,SBER,2024-05-23,21:00:00,313.49
438,SBER,2024-05-23,22:00:00,313.49
439,SBER,2024-05-23,23:00:00,313.49
440,SBER,2024-05-24,10:00:00,313.49
441,SBER,2024-05-24,11:00:00,313.49
442,SBER,2024-05-24,12:00:00,313.49
443,SBER,2024-05-24,13:00:00,313.49
444,SBER,2024-05-24,14:00:00,313.49
445,SBER,2024-05-24,15:00:00,313.49
446,SBER,2024-05-24,16:00:00,313.49
447,SBER,2024-05-24,17:00:00,313.49
448,SBER,2024-05-24,18:00:00,313.49
449,SBER,2024-05-24,20:00:00,313.49
450,SBER,2024-05-24,21:00:00,313.49
451,SBER,2024-05-24,22:00:00,313.49
452,SBER,2024-05-24,23:00:00,313.49
453,SBER,2024-05-27,10:00:00,313.49
454,SBER,2024-05-27,11:00:00,313.49
455,SBER,2024-05-27,12:00:00,313.49
456,SBER,2024-05-27,13:00:00,313.49
457,SBER,2024-05-27,14:00:00,313.49
458,SBER,2024-05-27,15:00:00,313.49
459,SBER,2024-05-27,16:00:00,313.49
460,SBER,2024-05-27,17:00:00,313.49
461,SBER,2024-05-27,18:00:00,313.49
462,SBER,2024-05-27,20:00:00,313.49
463,SBER,2024-05-27,21:00:00,313.49
464,SBER,2024-05-27,22:00:00,313.49
465,SBER,2024-05-27,23:00:00,313.49
466,SBER,2024-05-28,10:00:00,313.49
467,SBER,2024-05-28,11:00:00,313.49
468,SBER,2024-05-28,12:00:00,313.49
469,SBER,2024-05-28,13:00:00,313.49
470,SBER,2024-05-28,14:00:00,313.49
471,SBER,2024-05-28,15:00:00,313.49
472,SBER,2024-05-28,16:00:00,313.49
473,SBER,2024-05-28,17:00:00,313.49
474,SBER,2024-05-28,18:00:00,313.49
475,SBER,2024-05-28,20:00:00,313.49
476,SBER,2024-05-28,21:00:00,313.49
477,SBER,2024-05-28,22:00:00,313.49
478,SBER,2024-05-28,23:00:00,313.49
479,SBER,2024-05-29,10:00:00,313.49
480,SBER,2024-05-29,11:00:00,313.49
481,SBER,2024-05-29,12:00:00,313.49
482,SBER,2024-05-29,13:00:00,313.49
483,SBER,2024-05-29,14:00:00,313.49
484,SBER,2024-05-29,15:00:00,313.49
485,SBER,2024-05-29,16:00:00,313.49
486,SBER,2024-05-29,17:00:00,313.49
487,SBER,2024-05-29,18:00:00,313.49
488,SBER,2024-05-29,20:00:00,313.49
489,SBER,2024-05-29,21:00:00,313.49
490,SBER,2024-05-29,22:00:00,313.49
491,SBER,2024-05-29,23:00:00,313.49
492,SBER,2024-05-30,10:00:00,313.49
493,SBER,2024-05-30,11:00:00,313.49
494,SBER,2024-05-30,12:00:00,313.49
495,SBER,2024-05-30,13:00:00,313.49
496,SBER,2024-05-30,14:00:00,313.49
497,SBER,2024-05-30,15:00:00,313.49
498,SBER,2024-05-30,16:00:00,313.49
499,SBER,2024-05-30,17:00:00,313.49
500,SBER,2024-05-30,18:00:00,313.49
501,SBER,2024-05-30,20:00:00,313.49
502,SBER,2024-05-30,21:00:00,313.49
503,SBER,2024-05-30,22:00:00,313.49
504,SBER,2024-05-30,23:00:00,313.49
505,SBER,2024-05-31,10:00:00,313.49
506,SBER,2024-05-31,11:00:00,313.49
507,SBER,2024-05-31,12:00:00,313.49
508,SBER,2024-05-31,13:00:00,313.49
509,SBER,2024-05-31,14:00:00,313.49
510,SBER,2024-05-31,15:00:00,313.49
511,SBER,2024-05-31,16:00:00,313.49
512,SBER,2024-05-31,17:00:00,313.49
513,SBER,2024-05-31,18:00:00,313.49
514,SBER,2024-05-31,20:00:00,313.49
515,SBER,2024-05-31,21:00:00,313.49
516,SBER,2024-05-31,22:00:00,313.49
517,SBER,2024-05-31,23:00:00,313.49
518,SIBN,2024-06-07,10:00:00,751.0
519,SIBN,2024-06-07,11:00:00,751.0
520,SIBN,2024-06-07,12:00:00,751.0
521,SIBN,2024-06-07,13:00:00,751.0
522,SIBN,2024-06-07,14:00:00,751.0
523,SIBN,2024-06-07,15:00:00,751.0
524,SIBN,2024-06-07,16:00:00,751.0
525,SIBN,2024-06-07,17:00:00,751.0
526,SIBN,2024-06-07,18:00:00,751.0
527,SIBN,2024-06-07,20:00:00,751.0
528,SIBN,2024-06-07,21:00:00,751.0
529,SIBN,2024-06-07,22:00:00,751.0
530,SIBN,2024-06-07,23:00:00,751.0
531,SIBN,2024-06-10,10:00:00,751.0
532,SIBN,2024-06-10,11:00:00,751.0
533,SIBN,2024-06-10,12:00:00,751.0
534,SIBN,2024-06-10,13:00:00,751.0
535,SIBN,2024-06-10,14:00:00,751.0
536,SIBN,2024-06-10,15:00:00,751.0
537,SIBN,2024-06-10,16:00:00,751.0
538,SIBN,2024-06-10,17:00:00,751.0
539,SIBN,2024-06-10,18:00:00,751.0
540,SIBN,2024-06-10,20:00:00,751.0
541,SIBN,2024-06-10,21:00:00,751.0
542,SIBN,2024-06-10,22:00:00,751.0
543,SIBN,2024-06-10,23:00:00,751.0
544,AGRO,2024-06-07,10:00:00,1577.0
545,AGRO,2024-06-07,11:00:00,1577.0
546,AGRO,2024-06-07,12:00:00,1577.0
547,AGRO,2024-06-07,13:00:00,1577.0
548,AGRO,2024-06-07,14:00:00,1577.0
549,AGRO,2024-06-07,15:00:00,1577.0
550,AGRO,2024-06-07,16:00:00,1577.0
551,AGRO,2024-06-07,17:00:00,1577.0
552,AGRO,2024-06-07,18:00:00,1577.0
553,AGRO,2024-06-07,20:00:00,1577.0
554,AGRO,2024-06-07,21:00:00,1577.0
555,AGRO,2024-06-07,22:00:00,1577.0
556,AGRO,2024-06-07,23:00:00,1577.0
557,AGRO,2024-06-10,10:00:00,1577.0
558,AGRO,2024-06-10,12:00:00,1577.0
559,AGRO,2024-06-10,13:00:00,1577.0
560,AGRO,2024-06-10,14:00:00,1577.0
561,AGRO,2024-06-10,15:00:00,1577.0
562,AGRO,2024-06-10,16:00:00,1577.0
563,AGRO,2024-06-10,17:00:00,1577.0
564,AGRO,2024-06-10,20:00:00,1577.0
565,AGRO,2024-06-10,22:00:00,1577.0
566,AGRO,2024-06-10,23:00:00,1577.0
567,YNDX,2024-06-03,10:00:00,4356.2
568,YNDX,2024-06-03,11:00:00,4356.2
569,YNDX,2024-06-03,12:00:00,4356.2
570,YNDX,2024-06-03,13:00:00,4356.2
571,YNDX,2024-06-03,14:00:00,4356.2
572,YNDX,2024-06-03,15:00:00,4356.2
573,YNDX,2024-06-03,16:00:00,4356.2
574,YNDX,2024-06-03,17:00:00,4356.2
575,YNDX,2024-06-03,18:00:00,4356.2
576,YNDX,2024-06-03,20:00:00,4356.2
577,YNDX,2024-06-03,21:00:00,4356.2
578,YNDX,2024-06-03,22:00:00,4356.2
579,YNDX,2024-06-03,23:00:00,4356.2
580,YNDX,2024-06-04,10:00:00,4356.2
581,YNDX,2024-06-04,11:00:00,4356.2
582,YNDX,2024-06-04,12:00:00,4356.2
583,YNDX,2024-06-04,13:00:00,4356.2
584,YNDX,2024-06-04,14:00:00,4356.2
585,YNDX,2024-06-04,15:00:00,4356.2
586,YNDX,2024-06-04,16:00:00,4356.2
587,YNDX,2024-06-04,17:00:00,4356.2
588,YNDX,2024-06-04,18:00:00,4356.2
589,YNDX,2024-06-04,20:00:00,4356.2
590,YNDX,2024-06-04,21:00:00,4356.2
591,YNDX,2024-06-04,22:00:00,4356.2
592,YNDX,2024-06-04,23:00:00,4356.2
593,YNDX,2024-06-05,10:00:00,4356.2
594,YNDX,2024-06-05,11:00:00,4356.2
595,YNDX,2024-06-05,12:00:00,4356.2
596,YNDX,2024-06-05,13:00:00,4356.2
597,YNDX,2024-06-05,14:00:00,4356.2
598,YNDX,2024-06-05,15:00:00,4356.2
599,YNDX,2024-06-05,16:00:00,4356.2
600,YNDX,2024-06-05,17:00:00,4356.2
601,YNDX,2024-06-05,18:00:00,4356.2
602,YNDX,2024-06-05,20:00:00,4356.2
603,YNDX,2024-06-05,21:00:00,4356.2
604,YNDX,2024-06-05,22:00:00,4356.2
605,YNDX,2024-06-05,23:00:00,4356.2
606,YNDX,2024-06-06,10:00:00,4356.2
607,YNDX,2024-06-06,11:00:00,4356.2
608,YNDX,2024-06-06,12:00:00,4356.2
609,YNDX,2024-06-06,13:00:00,4356.2
610,YNDX,2024-06-06,14:00:00,4356.2
611,YNDX,2024-06-06,15:00:00,4356.2
612,YNDX,2024-06-06,16:00:00,4356.2
613,YNDX,2024-06-06,17:00:00,4356.2
614,YNDX,2024-06-06,18:00:00,4356.2
615,YNDX,2024-06-06,20:00:00,4356.2
616,YNDX,2024-06-06,21:00:00,4356.2
617,YNDX,2024-06-06,22:00:00,4356.2
618,YNDX,2024-06-06,23:00:00,4356.2
619,SBER,2024-06-03,10:00:00,313.49
620,SBER,2024-06-03,11:00:00,313.49
621,SBER,2024-06-03,12:00:00,313.49
622,SBER,2024-06-03,13:00:00,313.49
623,SBER,2024-06-03,14:00:00,313.49
624,SBER,2024-06-03,15:00:00,313.49
625,SBER,2024-06-03,16:00:00,313.49
626,SBER,2024-06-03,17:00:00,313.49
627,SBER,2024-06-03,18:00:00,313.49
628,SBER,2024-06-03,20:00:00,313.49
629,SBER,2024-06-03,21:00:00,313.49
630,SBER,2024-06-03,22:00:00,313.49
631,SBER,2024-06-03,23:00:00,313.49
632,SBER,2024-06-04,10:00:00,313.49
633,SBER,2024-06-04,11:00:00,313.49
634,SBER,2024-06-04,12:00:00,313.49
635,SBER,2024-06-04,13:00:00,313.49
636,SBER,2024-06-04,14:00:00,313.49
637,SBER,2024-06-04,15:00:00,313.49
638,SBER,2024-06-04,16:00:00,313.49
639,SBER,2024-06-04,17:00:00,313.49
640,SBER,2024-06-04,18:00:00,313.49
641,SBER,2024-06-04,20:00:00,313.49
642,SBER,2024-06-04,21:00:00,313.49
643,SBER,2024-06-04,22:00:00,313.49
644,SBER,2024-06-04,23:00:00,313.49
645,SBER,2024-06-05,10:00:00,313.49
646,SBER,2024-06-05,11:00:00,313.49
647,SBER,2024-06-05,12:00:00,313.49
648,SBER,2024-06-05,13:00:00,313.49
649,SBER,2024-06-05,14:00:00,313.49
650,SBER,2024-06-05,15:00:00,313.49
651,SBER,2024-06-05,16:00:00,313.49
652,SBER,2024-06-05,17:00:00,313.49
653,SBER,2024-06-05,18:00:00,313.49
654,SBER,2024-06-05,20:00:00,313.49
655,SBER,2024-06-05,21:00:00,313.49
656,SBER,2024-06-05,22:00:00,313.49
657,SBER,2024-06-05,23:00:00,313.49
658,SBER,2024-06-06,10:00:00,313.49
659,SBER,2024-06-06,11:00:00,313.49
660,SBER,2024-06-06,12:00:00,313.49
661,SBER,2024-06-06,13:00:00,313.49
662,SBER,2024-06-06,14:00:00,313.49
663,SBER,2024-06-06,15:00:00,313.49
664,SBER,2024-06-06,16:00:00,313.49
665,SBER,2024-06-06,17:00:00,313.49
666,SBER,2024-06-06,18:00:00,313.49
667,SBER,2024-06-06,20:00:00,313.49
668,SBER,2024-06-06,21:00:00,313.49
669,SBER,2024-06-06,22:00:00,313.49
670,SBER,2024-06-06,23:00:00,313.49
671,YNDX,2024-05-13,10:00:00,4356.2
672,YNDX,2024-05-13,11:00:00,4356.2
673,YNDX,2024-05-13,12:00:00,4356.2
674,YNDX,2024-05-13,13:00:00,4356.2
675,YNDX,2024-05-13,14:00:00,4356.2
676,YNDX,2024-05-13,15:00:00,4356.2
677,YNDX,2024-05-13,16:00:00,4356.2
678,YNDX,2024-05-13,17:00:00,4356.2
679,YNDX,2024-05-13,18:00:00,4356.2
680,YNDX,2024-05-13,20:00:00,4356.2
681,YNDX,2024-05-13,21:00:00,4356.2
682,YNDX,2024-05-13,22:00:00,4356.2
683,YNDX,2024-05-13,23:00:00,4356.2
684,YNDX,2024-05-14,10:00:00,4356.2
685,YNDX,2024-05-14,11:00:00,4356.2
686,YNDX,2024-05-14,12:00:00,4356.2
687,YNDX,2024-05-14,13:00:00,4356.2
688,YNDX,2024-05-14,14:00:00,4356.2
689,YNDX,2024-05-14,15:00:00,4356.2
690,YNDX,2024-05-14,16:00:00,4356.2
691,YNDX,2024-05-14,17:00:00,4356.2
692,YNDX,2024-05-14,18:00:00,4356.2
693,YNDX,2024-05-14,20:00:00,4356.2
694,YNDX,2024-05-14,21:00:00,4356.2
695,YNDX,2024-05-14,22:00:00,4356.2
696,YNDX,2024-05-14,23:00:00,4356.2
697,YNDX,2024-05-15,10:00:00,4356.2
698,YNDX,2024-05-15,11:00:00,4356.2
699,YNDX,2024-05-15,12:00:00,4356.2
700,YNDX,2024-05-15,13:00:00,4356.2
701,YNDX,2024-05-15,14:00:00,4356.2
702,YNDX,2024-05-15,15:00:00,4356.2
703,YNDX,2024-05-15,16:00:00,4356.2
704,YNDX,2024-05-15,17:00:00,4356.2
705,YNDX,2024-05-15,18:00:00,4356.2
706,YNDX,2024-05-15,20:00:00,4356.2
707,YNDX,2024-05-15,21:00:00,4356.2
708,YNDX,2024-05-15,22:00:00,4356.2
709,YNDX,2024-05-15,23:00:00,4356.2
710,YNDX,2024-05-16,10:00:00,4356.2
711,YNDX,2024-05-16,11:00:00,4356.2
712,YNDX,2024-05-16,12:00:00,4356.2
713,YNDX,2024-05-16,13:00:00,4356.2
714,YNDX,2024-05-16,14:00:00,4356.2
715,YNDX,2024-05-16,15:00:00,4356.2
716,YNDX,2024-05-16,16:00:00,4356.2
717,YNDX,2024-05-16,17:00:00,4356.2
718,YNDX,2024-05-16,18:00:00,4356.2
719,YNDX,2024-05-16,20:00:00,4356.2
720,YNDX,2024-05-16,21:00:00,4356.2
721,YNDX,2024-05-16,22:00:00,4356.2
722,YNDX,2024-05-16,23:00:00,4356.2
723,YNDX,2024-05-17,10:00:00,4356.2
724,YNDX,2024-05-17,11:00:00,4356.2
725,YNDX,2024-05-17,12:00:00,4356.2
726,YNDX,2024-05-17,13:00:00,4356.2
727,YNDX,2024-05-17,14:00:00,4356.2
728,YNDX,2024-05-17,15:00:00,4356.2
729,YNDX,2024-05-17,16:00:00,4356.2
730,YNDX,2024-05-17,17:00:00,4356.2
731,YNDX,2024-05-17,18:00:00,4356.2
732,YNDX,2024-05-17,20:00:00,4356.2
733,YNDX,2024-05-17,21:00:00,4356.2
734,YNDX,2024-05-17,22:00:00,4356.2
735,YNDX,2024-05-17,23:00:00,4356.2
736,YNDX,2024-05-20,10:00:00,4356.2
737,YNDX,2024-05-20,11:00:00,4356.2
738,YNDX,2024-05-20,12:00:00,4356.2
739,YNDX,2024-05-20,13:00:00,4356.2
740,YNDX,2024-05-20,14:00:00,4356.2
741,YNDX,2024-05-20,15:00:00,4356.2
742,YNDX,2024-05-20,16:00:00,4356.2
743,YNDX,2024-05-20,17:00:00,4356.2
744,YNDX,2024-05-20,18:00:00,4356.2
745,YNDX,2024-05-20,20:00:00,4356.2
746,YNDX,2024-05-20,21:00:00,4356.2
747,YNDX,2024-05-20,22:00:00,4356.2
748,YNDX,2024-05-20,23:00:00,4356.2
749,YNDX,2024-05-21,10:00:00,4356.2
750,YNDX,2024-05-21,11:00:00,4356.2
751,YNDX,2024-05-21,12:00:00,4356.2
752,YNDX,2024-05-21,13:00:00,4356.2
753,YNDX,2024-05-21,14:00:00,4356.2
754,YNDX,2024-05-21,15:00:00,4356.2
755,YNDX,2024-05-21,16:00:00,4356.2
756,YNDX,2024-05-21,17:00:00,4356.2
757,YNDX,2024-05-21,18:00:00,4356.2
758,YNDX,2024-05-21,20:00:00,4356.2
759,YNDX,2024-05-21,21:00:00,4356.2
760,YNDX,2024-05-21,22:00:00,4356.2
761,YNDX,2024-05-21,23:00:00,4356.2
762,YNDX,2024-05-22,10:00:00,4356.2
763,YNDX,2024-05-22,11:00:00,4356.2
764,YNDX,2024-05-22,12:00:00,4356.2
765,YNDX,2024-05-22,13:00:00,4356.2
766,YNDX,2024-05-22,14:00:00,4356.2
767,YNDX,2024-05-22,15:00:00,4356.2
768,YNDX,2024-05-22,16:00:00,4356.2
769,YNDX,2024-05-22,17:00:00,4356.2
770,YNDX,2024-05-22,18:00:00,4356.2
771,YNDX,2024-05-22,20:00:00,4356.2
772,YNDX,2024-05-22,21:00:00,4356.2
773,YNDX,2024-05-22,22:00:00,4356.2
774,YNDX,2024-05-22,23:00:00,4356.2
775,YNDX,2024-05-23,10:00:00,4356.2
776,YNDX,2024-05-23,11:00:00,4356.2
777,YNDX,2024-05-23,12:00:00,4356.2
778,YNDX,2024-05-23,13:00:00,4356.2
779,YNDX,2024-05-23,14:00:00,4356.2
780,YNDX,2024-05-23,15:00:00,4356.2
781,YNDX,2024-05-23,16:00:00,4356.2
782,YNDX,2024-05-23,17:00:00,4356.2
783,YNDX,2024-05-23,18:00:00,4356.2
784,YNDX,2024-05-23,20:00:00,4356.2
785,YNDX,2024-05-23,21:00:00,4356.2
786,YNDX,2024-05-23,22:00:00,4356.2
787,YNDX,2024-05-23,23:00:00,4356.2
788,YNDX,2024-05-24,10:00:00,4356.2
789,YNDX,2024-05-24,11:00:00,4356.2
790,YNDX,2024-05-24,12:00:00,4356.2
791,YNDX,2024-05-24,13:00:00,4356.2
792,YNDX,2024-05-24,14:00:00,4356.2
793,YNDX,2024-05-24,15:00:00,4356.2
794,YNDX,2024-05-24,16:00:00,4356.2
795,YNDX,2024-05-24,17:00:00,4356.2
796,YNDX,2024-05-24,18:00:00,4356.2
797,YNDX,2024-05-24,20:00:00,4356.2
798,YNDX,2024-05-24,21:00:00,4356.2
799,YNDX,2024-05-24,22:00:00,4356.2
800,YNDX,2024-05-24,23:00:00,4356.2
801,YNDX,2024-05-27,10:00:00,4356.2
802,YNDX,2024-05-27,11:00:00,4356.2
803,YNDX,2024-05-27,12:00:00,4356.2
804,YNDX,2024-05-27,13:00:00,4356.2
805,YNDX,2024-05-27,14:00:00,4356.2
806,YNDX,2024-05-27,15:00:00,4356.2
807,YNDX,2024-05-27,16:00:00,4356.2
808,YNDX,2024-05-27,17:00:00,4356.2
809,YNDX,2024-05-27,18:00:00,4356.2
810,YNDX,2024-05-27,20:00:00,4356.2
811,YNDX,2024-05-27,21:00:00,4356.2
812,YNDX,2024-05-27,22:00:00,4356.2
813,YNDX,2024-05-27,23:00:00,4356.2
814,YNDX,2024-05-28,10:00:00,4356.2
815,YNDX,2024-05-28,11:00:00,4356.2
816,YNDX,2024-05-28,12:00:00,4356.2
817,YNDX,2024-05-28,13:00:00,4356.2
818,YNDX,2024-05-28,14:00:00,4356.2
819,YNDX,2024-05-28,15:00:00,4356.2
820,YNDX,2024-05-28,16:00:00,4356.2
821,YNDX,2024-05-28,17:00:00,4356.2
822,YNDX,2024-05-28,18:00:00,4356.2
823,YNDX,2024-05-28,20:00:00,4356.2
824,YNDX,2024-05-28,21:00:00,4356.2
825,YNDX,2024-05-28,22:00:00,4356.2
826,YNDX,2024-05-28,23:00:00,4356.2
827,YNDX,2024-05-29,10:00:00,4356.2
828,YNDX,2024-05-29,11:00:00,4356.2
829,YNDX,2024-05-29,12:00:00,4356.2
830,YNDX,2024-05-29,13:00:00,4356.2
831,YNDX,2024-05-29,14:00:00,4356.2
832,YNDX,2024-05-29,15:00:00,4356.2
833,YNDX,2024-05-29,16:00:00,4356.2
834,YNDX,2024-05-29,17:00:00,4356.2
835,YNDX,2024-05-29,18:00:00,4356.2
836,YNDX,2024-05-29,20:00:00,4356.2
837,YNDX,2024-05-29,22:00:00,4356.2
838,YNDX,2024-05-29,23:00:00,4356.2
839,YNDX,2024-05-30,10:00:00,4356.2
840,YNDX,2024-05-30,11:00:00,4356.2
841,YNDX,2024-05-30,12:00:00,4356.2
842,YNDX,2024-05-30,13:00:00,4356.2
843,YNDX,2024-05-30,14:00:00,4356.2
844,YNDX,2024-05-30,15:00:00,4356.2
845,YNDX,2024-05-30,16:00:00,4356.2
846,YNDX,2024-05-30,17:00:00,4356.2
847,YNDX,2024-05-30,18:00:00,4356.2
848,YNDX,2024-05-30,20:00:00,4356.2
849,YNDX,2024-05-30,21:00:00,4356.2
850,YNDX,2024-05-30,22:00:00,4356.2
851,YNDX,2024-05-30,23:00:00,4356.2
852,YNDX,2024-05-31,10:00:00,4356.2
853,YNDX,2024-05-31,11:00:00,4356.2
854,YNDX,2024-05-31,12:00:00,4356.2
855,YNDX,2024-05-31,13:00:00,4356.2
856,YNDX,2024-05-31,14:00:00,4356.2
857,YNDX,2024-05-31,15:00:00,4356.2
858,YNDX,2024-05-31,16:00:00,4356.2
859,YNDX,2024-05-31,17:00:00,4356.2
860,YNDX,2024-05-31,18:00:00,4356.2
861,YNDX,2024-05-31,20:00:00,4356.2
862,YNDX,2024-05-31,21:00:00,4356.2
863,YNDX,2024-05-31,22:00:00,4356.2
864,YNDX,2024-05-31,23:00:00,4356.2
865,CHMF,2024-05-13,10:00:00,1960.0
866,CHMF,2024-05-13,11:00:00,1960.0
867,CHMF,2024-05-13,12:00:00,1960.0
868,CHMF,2024-05-13,13:00:00,1960.0
869,CHMF,2024-05-13,14:00:00,1960.0
870,CHMF,2024-05-13,15:00:00,1960.0
871,CHMF,2024-05-13,16:00:00,1960.0
872,CHMF,2024-05-13,17:00:00,1960.0
873,CHMF,2024-05-13,18:00:00,1960.0
874,CHMF,2024-05-13,20:00:00,1960.0
875,CHMF,2024-05-13,21:00:00,1960.0
876,CHMF,2024-05-13,22:00:00,1960.0
877,CHMF,2024-05-13,23:00:00,1960.0
878,CHMF,2024-05-14,10:00:00,1960.0
879,CHMF,2024-05-14,11:00:00,1960.0
880,CHMF,2024-05-14,12:00:00,1960.0
881,CHMF,2024-05-14,13:00:00,1960.0
882,CHMF,2024-05-14,14:00:00,1960.0
883,CHMF,2024-05-14,15:00:00,1960.0
884,CHMF,2024-05-14,16:00:00,1960.0
885,CHMF,2024-05-14,17:00:00,1960.0
886,CHMF,2024-05-14,18:00:00,1960.0
887,CHMF,2024-05-14,20:00:00,1960.0
888,CHMF,2024-05-14,21:00:00,1960.0
889,CHMF,2024-05-14,22:00:00,1960.0
890,CHMF,2024-05-14,23:00:00,1960.0
891,CHMF,2024-05-15,10:00:00,1960.0
892,CHMF,2024-05-15,11:00:00,1960.0
893,CHMF,2024-05-15,12:00:00,1960.0
894,CHMF,2024-05-15,13:00:00,1960.0
895,CHMF,2024-05-15,14:00:00,1960.0
896,CHMF,2024-05-15,15:00:00,1960.0
897,CHMF,2024-05-15,16:00:00,1960.0
898,CHMF,2024-05-15,17:00:00,1960.0
899,CHMF,2024-05-15,18:00:00,1960.0
900,CHMF,2024-05-15,20:00:00,1960.0
901,CHMF,2024-05-15,21:00:00,1960.0
902,CHMF,2024-05-15,22:00:00,1960.0
903,CHMF,2024-05-15,23:00:00,1960.0
904,CHMF,2024-05-16,10:00:00,1960.0
905,CHMF,2024-05-16,11:00:00,1960.0
906,CHMF,2024-05-16,12:00:00,1960.0
907,CHMF,2024-05-16,13:00:00,1960.0
908,CHMF,2024-05-16,14:00:00,1960.0
909,CHMF,2024-05-16,15:00:00,1960.0
910,CHMF,2024-05-16,16:00:00,1960.0
911,CHMF,2024-05-16,17:00:00,1960.0
912,CHMF,2024-05-16,18:00:00,1960.0
913,CHMF,2024-05-16,20:00:00,1960.0
914,CHMF,2024-05-16,22:00:00,1960.0
915,CHMF,2024-05-16,23:00:00,1960.0
916,CHMF,2024-05-17,10:00:00,1960.0
917,CHMF,2024-05-17,11:00:00,1960.0
918,CHMF,2024-05-17,12:00:00,1960.0
919,CHMF,2024-05-17,13:00:00,1960.0
920,CHMF,2024-05-17,14:00:00,1960.0
921,CHMF,2024-05-17,15:00:00,1960.0
922,CHMF,2024-05-17,16:00:00,1960.0
923,CHMF,2024-05-17,17:00:00,1960.0
924,CHMF,2024-05-17,18:00:00,1960.0
925,CHMF,2024-05-17,20:00:00,1960.0
926,CHMF,2024-05-17,21:00:00,1960.0
927,CHMF,2024-05-17,22:00:00,1960.0
928,CHMF,2024-05-17,23:00:00,1960.0
929,CHMF,2024-05-20,10:00:00,1960.0
930,CHMF,2024-05-20,11:00:00,1960.0
931,CHMF,2024-05-20,12:00:00,1960.0
932,CHMF,2024-05-20,13:00:00,1960.0
933,CHMF,2024-05-20,14:00:00,1960.0
934,CHMF,2024-05-20,15:00:00,1960.0
935,CHMF,2024-05-20,16:00:00,1960.0
936,CHMF,2024-05-20,17:00:00,1960.0
937,CHMF,2024-05-20,18:00:00,1960.0
938,CHMF,2024-05-20,20:00:00,1960.0
939,CHMF,2024-05-20,21:00:00,1960.0
940,CHMF,2024-05-20,22:00:00,1960.0
941,CHMF,2024-05-20,23:00:00,1960.0
942,CHMF,2024-05-21,10:00:00,1960.0
943,CHMF,2024-05-21,11:00:00,1960.0
944,CHMF,2024-05-21,12:00:00,1960.0
945,CHMF,2024-05-21,13:00:00,1960.0
946,CHMF,2024-05-21,14:00:00,1960.0
947,CHMF,2024-05-21,15:00:00,1960.0
948,CHMF,2024-05-21,16:00:00,1960.0
949,CHMF,2024-05-21,17:00:00,1960.0
950,CHMF,2024-05-21,18:00:00,1960.0
951,CHMF,2024-05-21,20:00:00,1960.0
952,CHMF,2024-05-21,21:00:00,1960.0
953,CHMF,2024-05-21,22:00:00,1960.0
954,CHMF,2024-05-21,23:00:00,1960.0
955,CHMF,2024-05-22,10:00:00,1960.0
956,CHMF,2024-05-22,11:00:00,1960.0
957,CHMF,2024-05-22,12:00:00,1960.0
958,CHMF,2024-05-22,13:00:00,1960.0
959,CHMF,2024-05-22,14:00:00,1960.0
960,CHMF,2024-05-22,15:00:00,1960.0
961,CHMF,2024-05-22,16:00:00,1960.0
962,CHMF,2024-05-22,17:00:00,1960.0
963,CHMF,2024-05-22,18:00:00,1960.0
964,CHMF,2024-05-22,20:00:00,1960.0
965,CHMF,2024-05-22,21:00:00,1960.0
966,CHMF,2024-05-22,22:00:00,1960.0
967,CHMF,2024-05-22,23:00:00,1960.0
968,CHMF,2024-05-23,10:00:00,1960.0
969,CHMF,2024-05-23,11:00:00,1960.0
970,CHMF,2024-05-23,12:00:00,1960.0
971,CHMF,2024-05-23,13:00:00,1960.0
972,CHMF,2024-05-23,14:00:00,1960.0
973,CHMF,2024-05-23,15:00:00,1960.0
974,CHMF,2024-05-23,16:00:00,1960.0
975,CHMF,2024-05-23,17:00:00,1960.0
976,CHMF,2024-05-23,18:00:00,1960.0
977,CHMF,2024-05-23,20:00:00,1960.0
978,CHMF,2024-05-23,22:00:00,1960.0
979,CHMF,2024-05-23,23:00:00,1960.0
980,CHMF,2024-05-24,10:00:00,1960.0
981,CHMF,2024-05-24,11:00:00,1960.0
982,CHMF,2024-05-24,12:00:00,1960.0
983,CHMF,2024-05-24,13:00:00,1960.0
984,CHMF,2024-05-24,14:00:00,1960.0
985,CHMF,2024-05-24,15:00:00,1960.0
986,CHMF,2024-05-24,16:00:00,1960.0
987,CHMF,2024-05-24,17:00:00,1960.0
988,CHMF,2024-05-24,18:00:00,1960.0
989,CHMF,2024-05-24,20:00:00,1960.0
990,CHMF,2024-05-24,21:00:00,1960.0
991,CHMF,2024-05-24,22:00:00,1960.0
992,CHMF,2024-05-24,23:00:00,1960.0
993,CHMF,2024-05-27,10:00:00,1960.0
994,CHMF,2024-05-27,11:00:00,1960.0
995,CHMF,2024-05-27,12:00:00,1960.0
996,CHMF,2024-05-27,13:00:00,1960.0
997,CHMF,2024-05-27,14:00:00,1960.0
998,CHMF,2024-05-27,15:00:00,1960.0
999,CHMF,2024-05-27,16:00:00,1960.0
1000,CHMF,2024-05-27,17:00:00,1960.0
1001,CHMF,2024-05-27,18:00:00,1960.0
1002,CHMF,2024-05-27,20:00:00,1960.0
1003,CHMF,2024-05-27,21:00:00,1960.0
1004,CHMF,2024-05-27,22:00:00,1960.0
1005,CHMF,2024-05-27,23:00:00,1960.0
1006,CHMF,2024-05-28,10:00:00,1960.0
1007,CHMF,2024-05-28,11:00:00,1960.0
1008,CHMF,2024-05-28,12:00:00,1960.0
1009,CHMF,2024-05-28,13:00:00,1960.0
1010,CHMF,2024-05-28,14:00:00,1960.0
1011,CHMF,2024-05-28,15:00:00,1960.0
1012,CHMF,2024-05-28,16:00:00,1960.0
1013,CHMF,2024-05-28,17:00:00,1960.0
1014,CHMF,2024-05-28,18:00:00,1960.0
1015,CHMF,2024-05-28,20:00:00,1960.0
1016,CHMF,2024-05-28,21:00:00,1960.0
1017,CHMF,2024-05-28,22:00:00,1960.0
1018,CHMF,2024-05-28,23:00:00,1960.0
1019,CHMF,2024-05-29,10:00:00,1960.0
1020,CHMF,2024-05-29,11:00:00,1960.0
1021,CHMF,2024-05-29,12:00:00,1960.0
1022,CHMF,2024-05-29,13:00:00,1960.0
1023,CHMF,2024-05-29,14:00:00,1960.0
1024,CHMF,2024-05-29,15:00:00,1960.0
1025,CHMF,2024-05-29,16:00:00,1960.0
1026,CHMF,2024-05-29,17:00:00,1960.0
1027,CHMF,2024-05-29,18:00:00,1960.0
1028,CHMF,2024-05-29,20:00:00,1960.0
1029,CHMF,2024-05-29,21:00:00,1960.0
1030,CHMF,2024-05-29,22:00:00,1960.0
1031,CHMF,2024-05-29,23:00:00,1960.0
1032,CHMF,2024-05-30,10:00:00,1960.0
1033,CHMF,2024-05-30,11:00:00,1960.0
1034,CHMF,2024-05-30,12:00:00,1960.0
1035,CHMF,2024-05-30,13:00:00,1960.0
1036,CHMF,2024-05-30,14:00:00,1960.0
1037,CHMF,2024-05-30,15:00:00,1960.0
1038,CHMF,2024-05-30,16:00:00,1960.0
1039,CHMF,2024-05-30,17:00:00,1960.0
1040,CHMF,2024-05-30,18:00:00,1960.0
1041,CHMF,2024-05-30,20:00:00,1960.0
1042,CHMF,2024-05-30,21:00:00,1960.0
1043,CHMF,2024-05-30,22:00:00,1960.0
1044,CHMF,2024-05-30,23:00:00,1960.0
1045,CHMF,2024-05-31,10:00:00,1960.0
1046,CHMF,2024-05-31,11:00:00,1960.0
1047,CHMF,2024-05-31,12:00:00,1960.0
1048,CHMF,2024-05-31,13:00:00,1960.0
1049,CHMF,2024-05-31,14:00:00,1960.0
1050,CHMF,2024-05-31,15:00:00,1960.0
1051,CHMF,2024-05-31,16:00:00,1960.0
1052,CHMF,2024-05-31,17:00:00,1960.0
1053,CHMF,2024-05-31,18:00:00,1960.0
1054,CHMF,2024-05-31,20:00:00,1960.0
1055,CHMF,2024-05-31,21:00:00,1960.0
1056,CHMF,2024-05-31,22:00:00,1960.0
1057,CHMF,2024-05-31,23:00:00,1960.0
1058,CHMF,2024-06-03,10:00:00,1960.0
1059,CHMF,2024-06-03,11:00:00,1960.0
1060,CHMF,2024-06-03,12:00:00,1960.0
1061,CHMF,2024-06-03,13:00:00,1960.0
1062,CHMF,2024-06-03,14:00:00,1960.0
1063,CHMF,2024-06-03,15:00:00,1960.0
1064,CHMF,2024-06-03,16:00:00,1960.0
1065,CHMF,2024-06-03,17:00:00,1960.0
1066,CHMF,2024-06-03,18:00:00,1960.0
1067,CHMF,2024-06-03,20:00:00,1960.0
1068,CHMF,2024-06-03,21:00:00,1960.0
1069,CHMF,2024-06-03,22:00:00,1960.0
1070,CHMF,2024-06-03,23:00:00,1960.0
1071,CHMF,2024-06-04,10:00:00,1960.0
1072,CHMF,2024-06-04,11:00:00,1960.0
1073,CHMF,2024-06-04,12:00:00,1960.0
1074,CHMF,2024-06-04,13:00:00,1960.0
1075,CHMF,2024-06-04,14:00:00,1960.0
1076,CHMF,2024-06-04,15:00:00,1960.0
1077,CHMF,2024-06-04,16:00:00,1960.0
1078,CHMF,2024-06-04,17:00:00,1960.0
1079,CHMF,2024-06-04,18:00:00,1960.0
1080,CHMF,2024-06-04,20:00:00,1960.0
1081,CHMF,2024-06-04,21:00:00,1960.0
1082,CHMF,2024-06-04,22:00:00,1960.0
1083,CHMF,2024-06-04,23:00:00,1960.0
1084,CHMF,2024-06-05,10:00:00,1960.0
1085,CHMF,2024-06-05,11:00:00,1960.0
1086,CHMF,2024-06-05,12:00:00,1960.0
1087,CHMF,2024-06-05,13:00:00,1960.0
1088,CHMF,2024-06-05,14:00:00,1960.0
1089,CHMF,2024-06-05,15:00:00,1960.0
1090,CHMF,2024-06-05,16:00:00,1960.0
1091,CHMF,2024-06-05,17:00:00,1960.0
1092,CHMF,2024-06-05,18:00:00,1960.0
1093,CHMF,2024-06-05,20:00:00,1960.0
1094,CHMF,2024-06-05,21:00:00,1960.0
1095,CHMF,2024-06-05,22:00:00,1960.0
1096,CHMF,2024-06-05,23:00:00,1960.0
1097,CHMF,2024-06-06,10:00:00,1960.0
1098,CHMF,2024-06-06,11:00:00,1960.0
1099,CHMF,2024-06-06,12:00:00,1960.0
1100,CHMF,2024-06-06,13:00:00,1960.0
1101,CHMF,2024-06-06,14:00:00,1960.0
1102,CHMF,2024-06-06,15:00:00,1960.0
1103,CHMF,2024-06-06,16:00:00,1960.0
1104,CHMF,2024-06-06,17:00:00,1960.0
1105,CHMF,2024-06-06,18:00:00,1960.0
1106,CHMF,2024-06-06,20:00:00,1960.0
1107,CHMF,2024-06-06,21:00:00,1960.0
1108,CHMF,2024-06-06,22:00:00,1960.0
1109,CHMF,2024-06-06,23:00:00,1960.0
1110,MTSS,2024-05-13,10:00:00,312.15
1111,MTSS,2024-05-13,11:00:00,312.15
1112,MTSS,2024-05-13,12:00:00,312.15
1113,MTSS,2024-05-13,13:00:00,312.15
1114,MTSS,2024-05-13,14:00:00,312.15
1115,MTSS,2024-05-13,15:00:00,312.15
1116,MTSS,2024-05-13,16:00:00,312.15
1117,MTSS,2024-05-13,17:00:00,312.15
1118,MTSS,2024-05-13,18:00:00,312.15
1119,MTSS,2024-05-13,20:00:00,312.15
1120,MTSS,2024-05-13,21:00:00,312.15
1121,MTSS,2024-05-13,22:00:00,312.15
1122,MTSS,2024-05-13,23:00:00,312.15
1123,MTSS,2024-05-14,10:00:00,312.15
1124,MTSS,2024-05-14,11:00:00,312.15
1125,MTSS,2024-05-14,12:00:00,312.15
1126,MTSS,2024-05-14,13:00:00,312.15
1127,MTSS,2024-05-14,14:00:00,312.15
1128,MTSS,2024-05-14,15:00:00,312.15
1129,MTSS,2024-05-14,16:00:00,312.15
1130,MTSS,2024-05-14,17:00:00,312.15
1131,MTSS,2024-05-14,18:00:00,312.15
1132,MTSS,2024-05-14,20:00:00,312.15
1133,MTSS,2024-05-14,21:00:00,312.15
1134,MTSS,2024-05-14,22:00:00,312.15
1135,MTSS,2024-05-14,23:00:00,312.15
1136,MTSS,2024-05-15,10:00:00,312.15
1137,MTSS,2024-05-15,11:00:00,312.15
1138,MTSS,2024-05-15,12:00:00,312.15
1139,MTSS,2024-05-15,13:00:00,312.15
1140,MTSS,2024-05-15,14:00:00,312.15
1141,MTSS,2024-05-15,15:00:00,312.15
1142,MTSS,2024-05-15,16:00:00,312.15
1143,MTSS,2024-05-15,17:00:00,312.15
1144,MTSS,2024-05-15,18:00:00,312.15
1145,MTSS,2024-05-15,20:00:00,312.15
1146,MTSS,2024-05-15,21:00:00,312.15
1147,MTSS,2024-05-15,22:00:00,312.15
1148,MTSS,2024-05-16,10:00:00,312.15
1149,MTSS,2024-05-16,11:00:00,312.15
1150,MTSS,2024-05-16,12:00:00,312.15
1151,MTSS,2024-05-16,13:00:00,312.15
1152,MTSS,2024-05-16,14:00:00,312.15
1153,MTSS,2024-05-16,15:00:00,312.15
1154,MTSS,2024-05-16,16:00:00,312.15
1155,MTSS,2024-05-16,17:00:00,312.15
1156,MTSS,2024-05-16,18:00:00,312.15
1157,MTSS,2024-05-16,20:00:00,312.15
1158,MTSS,2024-05-16,21:00:00,312.15
1159,MTSS,2024-05-16,22:00:00,312.15
1160,MTSS,2024-05-16,23:00:00,312.15
1161,MTSS,2024-05-17,10:00:00,312.15
1162,MTSS,2024-05-17,11:00:00,312.15
1163,MTSS,2024-05-17,12:00:00,312.15
1164,MTSS,2024-05-17,13:00:00,312.15
1165,MTSS,2024-05-17,14:00:00,312.15
1166,MTSS,2024-05-17,15:00:00,312.15
1167,MTSS,2024-05-17,16:00:00,312.15
1168,MTSS,2024-05-17,17:00:00,312.15
1169,MTSS,2024-05-17,18:00:00,312.15
1170,MTSS,2024-05-17,20:00:00,312.15
1171,MTSS,2024-05-17,22:00:00,312.15
1172,MTSS,2024-05-17,23:00:00,312.15
1173,MTSS,2024-05-20,10:00:00,312.15
1174,MTSS,2024-05-20,11:00:00,312.15
1175,MTSS,2024-05-20,12:00:00,312.15
1176,MTSS,2024-05-20,13:00:00,312.15
1177,MTSS,2024-05-20,14:00:00,312.15
1178,MTSS,2024-05-20,15:00:00,312.15
1179,MTSS,2024-05-20,16:00:00,312.15
1180,MTSS,2024-05-20,17:00:00,312.15
1181,MTSS,2024-05-20,18:00:00,312.15
1182,MTSS,2024-05-20,20:00:00,312.15
1183,MTSS,2024-05-20,21:00:00,312.15
1184,MTSS,2024-05-20,22:00:00,312.15
1185,MTSS,2024-05-20,23:00:00,312.15
1186,MTSS,2024-05-21,10:00:00,312.15
1187,MTSS,2024-05-21,11:00:00,312.15
1188,MTSS,2024-05-21,12:00:00,312.15
1189,MTSS,2024-05-21,13:00:00,312.15
1190,MTSS,2024-05-21,14:00:00,312.15
1191,MTSS,2024-05-21,15:00:00,312.15
1192,MTSS,2024-05-21,16:00:00,312.15
1193,MTSS,2024-05-21,17:00:00,312.15
1194,MTSS,2024-05-21,18:00:00,312.15
1195,MTSS,2024-05-21,20:00:00,312.15
1196,MTSS,2024-05-21,21:00:00,312.15
1197,MTSS,2024-05-21,22:00:00,312.15
1198,MTSS,2024-05-21,23:00:00,312.15
1199,MTSS,2024-05-22,10:00:00,312.15
1200,MTSS,2024-05-22,11:00:00,312.15
1201,MTSS,2024-05-22,12:00:00,312.15
1202,MTSS,2024-05-22,13:00:00,312.15
1203,MTSS,2024-05-22,14:00:00,312.15
1204,MTSS,2024-05-22,15:00:00,312.15
1205,MTSS,2024-05-22,16:00:00,312.15
1206,MTSS,2024-05-22,17:00:00,312.15
1207,MTSS,2024-05-22,18:00:00,312.15
1208,MTSS,2024-05-22,20:00:00,312.15
1209,MTSS,2024-05-22,21:00:00,312.15
1210,MTSS,2024-05-22,22:00:00,312.15
1211,MTSS,2024-05-22,23:00:00,312.15
1212,MTSS,2024-05-23,10:00:00,312.15
1213,MTSS,2024-05-23,11:00:00,312.15
1214,MTSS,2024-05-23,12:00:00,312.15
1215,MTSS,2024-05-23,13:00:00,312.15
1216,MTSS,2024-05-23,14:00:00,312.15
1217,MTSS,2024-05-23,15:00:00,312.15
1218,MTSS,2024-05-23,16:00:00,312.15
1219,MTSS,2024-05-23,17:00:00,312.15
1220,MTSS,2024-05-23,18:00:00,312.15
1221,MTSS,2024-05-23,20:00:00,312.15
1222,MTSS,2024-05-23,21:00:00,312.15
1223,MTSS,2024-05-23,22:00:00,312.15
1224,MTSS,2024-05-23,23:00:00,312.15
1225,MTSS,2024-05-24,10:00:00,312.15
1226,MTSS,2024-05-24,11:00:00,312.15
1227,MTSS,2024-05-24,12:00:00,312.15
1228,MTSS,2024-05-24,13:00:00,312.15
1229,MTSS,2024-05-24,14:00:00,312.15
1230,MTSS,2024-05-24,15:00:00,312.15
1231,MTSS,2024-05-24,16:00:00,312.15
1232,MTSS,2024-05-24,17:00:00,312.15
1233,MTSS,2024-05-24,18:00:00,312.15
1234,MTSS,2024-05-24,20:00:00,312.15
1235,MTSS,2024-05-24,21:00:00,312.15
1236,MTSS,2024-05-24,22:00:00,312.15
1237,MTSS,2024-05-24,23:00:00,312.15
1238,MTSS,2024-05-27,10:00:00,312.15
1239,MTSS,2024-05-27,11:00:00,312.15
1240,MTSS,2024-05-27,12:00:00,312.15
1241,MTSS,2024-05-27,13:00:00,312.15
1242,MTSS,2024-05-27,14:00:00,312.15
1243,MTSS,2024-05-27,15:00:00,312.15
1244,MTSS,2024-05-27,16:00:00,312.15
1245,MTSS,2024-05-27,17:00:00,312.15
1246,MTSS,2024-05-27,18:00:00,312.15
1247,MTSS,2024-05-27,20:00:00,312.15
1248,MTSS,2024-05-27,21:00:00,312.15
1249,MTSS,2024-05-27,22:00:00,312.15
1250,MTSS,2024-05-27,23:00:00,312.15
1251,MTSS,2024-05-28,10:00:00,312.15
1252,MTSS,2024-05-28,11:00:00,312.15
1253,MTSS,2024-05-28,12:00:00,312.15
1254,MTSS,2024-05-28,13:00:00,312.15
1255,MTSS,2024-05-28,14:00:00,312.15
1256,MTSS,2024-05-28,15:00:00,312.15
1257,MTSS,2024-05-28,16:00:00,312.15
1258,MTSS,2024-05-28,17:00:00,312.15
1259,MTSS,2024-05-28,18:00:00,312.15
1260,MTSS,2024-05-28,20:00:00,312.15
1261,MTSS,2024-05-28,21:00:00,312.15
1262,MTSS,2024-05-28,22:00:00,312.15
1263,MTSS,2024-05-28,23:00:00,312.15
1264,MTSS,2024-05-29,10:00:00,312.15
1265,MTSS,2024-05-29,11:00:00,312.15
1266,MTSS,2024-05-29,12:00:00,312.15
1267,MTSS,2024-05-29,13:00:00,312.15
1268,MTSS,2024-05-29,14:00:00,312.15
1269,MTSS,2024-05-29,15:00:00,312.15
1270,MTSS,2024-05-29,16:00:00,312.15
1271,MTSS,2024-05-29,17:00:00,312.15
1272,MTSS,2024-05-29,18:00:00,312.15
1273,MTSS,2024-05-29,20:00:00,312.15
1274,MTSS,2024-05-29,21:00:00,312.15
1275,MTSS,2024-05-29,22:00:00,312.15
1276,MTSS,2024-05-29,23:00:00,312.15
1277,MTSS,2024-05-30,10:00:00,312.15
1278,MTSS,2024-05-30,11:00:00,312.15
1279,MTSS,2024-05-30,12:00:00,312.15
1280,MTSS,2024-05-30,13:00:00,312.15
1281,MTSS,2024-05-30,14:00:00,312.15
1282,MTSS,2024-05-30,15:00:00,312.15
1283,MTSS,2024-05-30,16:00:00,312.15
1284,MTSS,2024-05-30,17:00:00,312.15
1285,MTSS,2024-05-30,18:00:00,312.15
1286,MTSS,2024-05-30,20:00:00,312.15
1287,MTSS,2024-05-30,21:00:00,312.15
1288,MTSS,2024-05-30,22:00:00,312.15
1289,MTSS,2024-05-30,23:00:00,312.15
1290,MTSS,2024-05-31,10:00:00,312.15
1291,MTSS,2024-05-31,11:00:00,312.15
1292,MTSS,2024-05-31,12:00:00,312.15
1293,MTSS,2024-05-31,13:00:00,312.15
1294,MTSS,2024-05-31,14:00:00,312.15
1295,MTSS,2024-05-31,15:00:00,312.15
1296,MTSS,2024-05-31,16:00:00,312.15
1297,MTSS,2024-05-31,17:00:00,312.15
1298,MTSS,2024-05-31,18:00:00,312.15
1299,MTSS,2024-05-31,20:00:00,312.15
1300,MTSS,2024-05-31,21:00:00,312.15
1301,MTSS,2024-05-31,22:00:00,312.15
1302,MTSS,2024-05-31,23:00:00,312.15
1303,MTSS,2024-06-03,10:00:00,312.15
1304,MTSS,2024-06-03,11:00:00,312.15
1305,MTSS,2024-06-03,12:00:00,312.15
1306,MTSS,2024-06-03,13:00:00,312.15
1307,MTSS,2024-06-03,14:00:00,312.15
1308,MTSS,2024-06-03,15:00:00,312.15
1309,MTSS,2024-06-03,16:00:00,312.15
1310,MTSS,2024-06-03,17:00:00,312.15
1311,MTSS,2024-06-03,18:00:00,312.15
1312,MTSS,2024-06-03,20:00:00,312.15
1313,MTSS,2024-06-03,21:00:00,312.15
1314,MTSS,2024-06-03,22:00:00,312.15
1315,MTSS,2024-06-03,23:00:00,312.15
1316,MTSS,2024-06-04,10:00:00,312.15
1317,MTSS,2024-06-04,11:00:00,312.15
1318,MTSS,2024-06-04,12:00:00,312.15
1319,MTSS,2024-06-04,13:00:00,312.15
1320,MTSS,2024-06-04,14:00:00,312.15
1321,MTSS,2024-06-04,15:00:00,312.15
1322,MTSS,2024-06-04,16:00:00,312.15
1323,MTSS,2024-06-04,17:00:00,312.15
1324,MTSS,2024-06-04,18:00:00,312.15
1325,MTSS,2024-06-04,20:00:00,312.15
1326,MTSS,2024-06-04,21:00:00,312.15
1327,MTSS,2024-06-04,22:00:00,312.15
1328,MTSS,2024-06-04,23:00:00,312.15
1329,MTSS,2024-06-05,10:00:00,312.15
1330,MTSS,2024-06-05,11:00:00,312.15
1331,MTSS,2024-06-05,12:00:00,312.15
1332,MTSS,2024-06-05,13:00:00,312.15
1333,MTSS,2024-06-05,14:00:00,312.15
1334,MTSS,2024-06-05,15:00:00,312.15
1335,MTSS,2024-06-05,16:00:00,312.15
1336,MTSS,2024-06-05,17:00:00,312.15
1337,MTSS,2024-06-05,18:00:00,312.15
1338,MTSS,2024-06-05,20:00:00,312.15
1339,MTSS,2024-06-05,21:00:00,312.15
1340,MTSS,2024-06-05,22:00:00,312.15
1341,MTSS,2024-06-05,23:00:00,312.15
1342,MTSS,2024-06-06,10:00:00,312.15
1343,MTSS,2024-06-06,11:00:00,312.15
1344,MTSS,2024-06-06,12:00:00,312.15
1345,MTSS,2024-06-06,13:00:00,312.15
1346,MTSS,2024-06-06,14:00:00,312.15
1347,MTSS,2024-06-06,15:00:00,312.15
1348,MTSS,2024-06-06,16:00:00,312.15
1349,MTSS,2024-06-06,17:00:00,312.15
1350,MTSS,2024-06-06,18:00:00,312.15
1351,MTSS,2024-06-06,20:00:00,312.15
1352,MTSS,2024-06-06,22:00:00,312.15
1353,MTSS,2024-06-06,23:00:00,312.15
1354,VKCO,2024-06-07,10:00:00,574.8
1355,VKCO,2024-06-07,11:00:00,574.8
1356,VKCO,2024-06-07,12:00:00,574.8
1357,VKCO,2024-06-07,13:00:00,574.8
1358,VKCO,2024-06-07,14:00:00,574.8
1359,VKCO,2024-06-07,15:00:00,574.8
1360,VKCO,2024-06-07,16:00:00,574.8
1361,VKCO,2024-06-07,17:00:00,574.8
1362,VKCO,2024-06-07,18:00:00,574.8
1363,VKCO,2024-06-07,20:00:00,574.8
1364,VKCO,2024-06-07,21:00:00,574.8
1365,VKCO,2024-06-07,22:00:00,574.8
1366,VKCO,2024-06-07,23:00:00,574.8
1367,VKCO,2024-06-10,10:00:00,574.8
1368,VKCO,2024-06-10,11:00:00,574.8
1369,VKCO,2024-06-10,12:00:00,574.8
1370,VKCO,2024-06-10,13:00:00,574.8
1371,VKCO,2024-06-10,14:00:00,574.8
1372,VKCO,2024-06-10,15:00:00,574.8
1373,VKCO,2024-06-10,16:00:00,574.8
1374,VKCO,2024-06-10,17:00:00,574.8
1375,VKCO,2024-06-10,18:00:00,574.8
1376,VKCO,2024-06-10,20:00:00,574.8
1377,VKCO,2024-06-10,21:00:00,574.8
1378,VKCO,2024-06-10,22:00:00,574.8
1379,VKCO,2024-06-10,23:00:00,574.8
1380,SMLT,2024-06-03,10:00:00,3628.0
1381,SMLT,2024-06-03,11:00:00,3628.0
1382,SMLT,2024-06-03,12:00:00,3628.0
1383,SMLT,2024-06-03,13:00:00,3628.0
1384,SMLT,2024-06-03,14:00:00,3628.0
1385,SMLT,2024-06-03,15:00:00,3628.0
1386,SMLT,2024-06-03,16:00:00,3628.0
1387,SMLT,2024-06-03,17:00:00,3628.0
1388,SMLT,2024-06-03,18:00:00,3628.0
1389,SMLT,2024-06-03,20:00:00,3628.0
1390,SMLT,2024-06-03,21:00:00,3628.0
1391,SMLT,2024-06-03,22:00:00,3628.0
1392,SMLT,2024-06-03,23:00:00,3628.0
1393,SMLT,2024-06-04,10:00:00,3628.0
1394,SMLT,2024-06-04,11:00:00,3628.0
1395,SMLT,2024-06-04,12:00:00,3628.0
1396,SMLT,2024-06-04,13:00:00,3628.0
1397,SMLT,2024-06-04,14:00:00,3628.0
1398,SMLT,2024-06-04,15:00:00,3628.0
1399,SMLT,2024-06-04,16:00:00,3628.0
1400,SMLT,2024-06-04,17:00:00,3628.0
1401,SMLT,2024-06-04,18:00:00,3628.0
1402,SMLT,2024-06-04,20:00:00,3628.0
1403,SMLT,2024-06-04,21:00:00,3628.0
1404,SMLT,2024-06-04,22:00:00,3628.0
1405,SMLT,2024-06-04,23:00:00,3628.0
1406,SMLT,2024-06-05,10:00:00,3628.0
1407,SMLT,2024-06-05,11:00:00,3628.0
1408,SMLT,2024-06-05,12:00:00,3628.0
1409,SMLT,2024-06-05,13:00:00,3628.0
1410,SMLT,2024-06-05,14:00:00,3628.0
1411,SMLT,2024-06-05,15:00:00,3628.0
1412,SMLT,2024-06-05,16:00:00,3628.0
1413,SMLT,2024-06-05,17:00:00,3628.0
1414,SMLT,2024-06-05,18:00:00,3628.0
1415,SMLT,2024-06-05,20:00:00,3628.0
1416,SMLT,2024-06-05,21:00:00,3628.0
1417,SMLT,2024-06-05,22:00:00,3628.0
1418,SMLT,2024-06-05,23:00:00,3628.0
1419,SMLT,2024-06-06,10:00:00,3628.0
1420,SMLT,2024-06-06,11:00:00,3628.0
1421,SMLT,2024-06-06,12:00:00,3628.0
1422,SMLT,2024-06-06,13:00:00,3628.0
1423,SMLT,2024-06-06,14:00:00,3628.0
1424,SMLT,2024-06-06,15:00:00,3628.0
1425,SMLT,2024-06-06,16:00:00,3628.0
1426,SMLT,2024-06-06,17:00:00,3628.0
1427,SMLT,2024-06-06,18:00:00,3628.0
1428,SMLT,2024-06-06,20:00:00,3628.0
1429,SMLT,2024-06-06,21:00:00,3628.0
1430,SMLT,2024-06-06,23:00:00,3628.0
1431,SMLT,2024-05-13,10:00:00,3628.0
1432,SMLT,2024-05-13,11:00:00,3628.0
1433,SMLT,2024-05-13,12:00:00,3628.0
1434,SMLT,2024-05-13,13:00:00,3628.0
1435,SMLT,2024-05-13,14:00:00,3628.0
1436,SMLT,2024-05-13,15:00:00,3628.0
1437,SMLT,2024-05-13,16:00:00,3628.0
1438,SMLT,2024-05-13,17:00:00,3628.0
1439,SMLT,2024-05-13,18:00:00,3628.0
1440,SMLT,2024-05-13,20:00:00,3628.0
1441,SMLT,2024-05-13,21:00:00,3628.0
1442,SMLT,2024-05-13,22:00:00,3628.0
1443,SMLT,2024-05-14,10:00:00,3628.0
1444,SMLT,2024-05-14,11:00:00,3628.0
1445,SMLT,2024-05-14,12:00:00,3628.0
1446,SMLT,2024-05-14,13:00:00,3628.0
1447,SMLT,2024-05-14,14:00:00,3628.0
1448,SMLT,2024-05-14,15:00:00,3628.0
1449,SMLT,2024-05-14,16:00:00,3628.0
1450,SMLT,2024-05-14,17:00:00,3628.0
1451,SMLT,2024-05-14,18:00:00,3628.0
1452,SMLT,2024-05-14,20:00:00,3628.0
1453,SMLT,2024-05-15,10:00:00,3628.0
1454,SMLT,2024-05-15,11:00:00,3628.0
1455,SMLT,2024-05-15,12:00:00,3628.0
1456,SMLT,2024-05-15,13:00:00,3628.0
1457,SMLT,2024-05-15,14:00:00,3628.0
1458,SMLT,2024-05-15,15:00:00,3628.0
1459,SMLT,2024-05-15,16:00:00,3628.0
1460,SMLT,2024-05-15,18:00:00,3628.0
1461,SMLT,2024-05-15,21:00:00,3628.0
1462,SMLT,2024-05-15,23:00:00,3628.0
1463,SMLT,2024-05-16,10:00:00,3628.0
1464,SMLT,2024-05-16,11:00:00,3628.0
1465,SMLT,2024-05-16,12:00:00,3628.0
1466,SMLT,2024-05-16,13:00:00,3628.0
1467,SMLT,2024-05-16,14:00:00,3628.0
1468,SMLT,2024-05-16,15:00:00,3628.0
1469,SMLT,2024-05-16,16:00:00,3628.0
1470,SMLT,2024-05-16,17:00:00,3628.0
1471,SMLT,2024-05-16,18:00:00,3628.0
1472,SMLT,2024-05-16,20:00:00,3628.0
1473,SMLT,2024-05-16,21:00:00,3628.0
1474,SMLT,2024-05-16,22:00:00,3628.0
1475,SMLT,2024-05-16,23:00:00,3628.0
1476,SMLT,2024-05-17,10:00:00,3628.0
1477,SMLT,2024-05-17,11:00:00,3628.0
1478,SMLT,2024-05-17,12:00:00,3628.0
1479,SMLT,2024-05-17,13:00:00,3628.0
1480,SMLT,2024-05-17,14:00:00,3628.0
1481,SMLT,2024-05-17,15:00:00,3628.0
1482,SMLT,2024-05-17,16:00:00,3628.0
1483,SMLT,2024-05-17,17:00:00,3628.0
1484,SMLT,2024-05-17,18:00:00,3628.0
1485,SMLT,2024-05-17,20:00:00,3628.0
1486,SMLT,2024-05-17,21:00:00,3628.0
1487,SMLT,2024-05-17,22:00:00,3628.0
1488,SMLT,2024-05-17,23:00:00,3628.0
1489,SMLT,2024-05-20,10:00:00,3628.0
1490,SMLT,2024-05-20,11:00:00,3628.0
1491,SMLT,2024-05-20,12:00:00,3628.0
1492,SMLT,2024-05-20,13:00:00,3628.0
1493,SMLT,2024-05-20,14:00:00,3628.0
1494,SMLT,2024-05-20,15:00:00,3628.0
1495,SMLT,2024-05-20,16:00:00,3628.0
1496,SMLT,2024-05-20,17:00:00,3628.0
1497,SMLT,2024-05-20,18:00:00,3628.0
1498,SMLT,2024-05-20,20:00:00,3628.0
1499,SMLT,2024-05-20,21:00:00,3628.0
1500,SMLT,2024-05-20,22:00:00,3628.0
1501,SMLT,2024-05-20,23:00:00,3628.0
1502,SMLT,2024-05-21,10:00:00,3628.0
1503,SMLT,2024-05-21,11:00:00,3628.0
1504,SMLT,2024-05-21,12:00:00,3628.0
1505,SMLT,2024-05-21,13:00:00,3628.0
1506,SMLT,2024-05-21,14:00:00,3628.0
1507,SMLT,2024-05-21,15:00:00,3628.0
1508,SMLT,2024-05-21,16:00:00,3628.0
1509,SMLT,2024-05-21,17:00:00,3628.0
1510,SMLT,2024-05-21,18:00:00,3628.0
1511,SMLT,2024-05-21,20:00:00,3628.0
1512,SMLT,2024-05-21,22:00:00,3628.0
1513,SMLT,2024-05-21,23:00:00,3628.0
1514,SMLT,2024-05-22,10:00:00,3628.0
1515,SMLT,2024-05-22,11:00:00,3628.0
1516,SMLT,2024-05-22,12:00:00,3628.0
1517,SMLT,2024-05-22,13:00:00,3628.0
1518,SMLT,2024-05-22,14:00:00,3628.0
1519,SMLT,2024-05-22,15:00:00,3628.0
1520,SMLT,2024-05-22,16:00:00,3628.0
1521,SMLT,2024-05-22,17:00:00,3628.0
1522,SMLT,2024-05-22,18:00:00,3628.0
1523,SMLT,2024-05-22,20:00:00,3628.0
1524,SMLT,2024-05-22,21:00:00,3628.0
1525,SMLT,2024-05-22,22:00:00,3628.0
1526,SMLT,2024-05-23,10:00:00,3628.0
1527,SMLT,2024-05-23,11:00:00,3628.0
1528,SMLT,2024-05-23,12:00:00,3628.0
1529,SMLT,2024-05-23,13:00:00,3628.0
1530,SMLT,2024-05-23,14:00:00,3628.0
1531,SMLT,2024-05-23,15:00:00,3628.0
1532,SMLT,2024-05-23,16:00:00,3628.0
1533,SMLT,2024-05-23,17:00:00,3628.0
1534,SMLT,2024-05-23,18:00:00,3628.0
1535,SMLT,2024-05-23,20:00:00,3628.0
1536,SMLT,2024-05-23,21:00:00,3628.0
1537,SMLT,2024-05-23,23:00:00,3628.0
1538,SMLT,2024-05-24,10:00:00,3628.0
1539,SMLT,2024-05-24,11:00:00,3628.0
1540,SMLT,2024-05-24,12:00:00,3628.0
1541,SMLT,2024-05-24,13:00:00,3628.0
1542,SMLT,2024-05-24,14:00:00,3628.0
1543,SMLT,2024-05-24,15:00:00,3628.0
1544,SMLT,2024-05-24,16:00:00,3628.0
1545,SMLT,2024-05-24,17:00:00,3628.0
1546,SMLT,2024-05-24,18:00:00,3628.0
1547,SMLT,2024-05-24,20:00:00,3628.0
1548,SMLT,2024-05-24,21:00:00,3628.0
1549,SMLT,2024-05-24,22:00:00,3628.0
1550,SMLT,2024-05-24,23:00:00,3628.0
1551,SMLT,2024-05-27,10:00:00,3628.0
1552,SMLT,2024-05-27,11:00:00,3628.0
1553,SMLT,2024-05-27,12:00:00,3628.0
1554,SMLT,2024-05-27,13:00:00,3628.0
1555,SMLT,2024-05-27,14:00:00,3628.0
1556,SMLT,2024-05-27,15:00:00,3628.0
1557,SMLT,2024-05-27,16:00:00,3628.0
1558,SMLT,2024-05-27,17:00:00,3628.0
1559,SMLT,2024-05-27,18:00:00,3628.0
1560,SMLT,2024-05-27,20:00:00,3628.0
1561,SMLT,2024-05-27,21:00:00,3628.0
1562,SMLT,2024-05-27,22:00:00,3628.0
1563,SMLT,2024-05-27,23:00:00,3628.0
1564,SMLT,2024-05-28,10:00:00,3628.0
1565,SMLT,2024-05-28,11:00:00,3628.0
1566,SMLT,2024-05-28,12:00:00,3628.0
1567,SMLT,2024-05-28,13:00:00,3628.0
1568,SMLT,2024-05-28,14:00:00,3628.0
1569,SMLT,2024-05-28,15:00:00,3628.0
1570,SMLT,2024-05-28,16:00:00,3628.0
1571,SMLT,2024-05-28,17:00:00,3628.0
1572,SMLT,2024-05-28,18:00:00,3628.0
1573,SMLT,2024-05-28,20:00:00,3628.0
1574,SMLT,2024-05-28,21:00:00,3628.0
1575,SMLT,2024-05-28,23:00:00,3628.0
1576,SMLT,2024-05-29,10:00:00,3628.0
1577,SMLT,2024-05-29,11:00:00,3628.0
1578,SMLT,2024-05-29,12:00:00,3628.0
1579,SMLT,2024-05-29,13:00:00,3628.0
1580,SMLT,2024-05-29,14:00:00,3628.0
1581,SMLT,2024-05-29,15:00:00,3628.0
1582,SMLT,2024-05-29,16:00:00,3628.0
1583,SMLT,2024-05-29,17:00:00,3628.0
1584,SMLT,2024-05-29,18:00:00,3628.0
1585,SMLT,2024-05-29,20:00:00,3628.0
1586,SMLT,2024-05-29,21:00:00,3628.0
1587,SMLT,2024-05-29,22:00:00,3628.0
1588,SMLT,2024-05-29,23:00:00,3628.0
1589,SMLT,2024-05-30,10:00:00,3628.0
1590,SMLT,2024-05-30,11:00:00,3628.0
1591,SMLT,2024-05-30,12:00:00,3628.0
1592,SMLT,2024-05-30,13:00:00,3628.0
1593,SMLT,2024-05-30,14:00:00,3628.0
1594,SMLT,2024-05-30,15:00:00,3628.0
1595,SMLT,2024-05-30,16:00:00,3628.0
1596,SMLT,2024-05-30,17:00:00,3628.0
1597,SMLT,2024-05-30,18:00:00,3628.0
1598,SMLT,2024-05-30,20:00:00,3628.0
1599,SMLT,2024-05-30,21:00:00,3628.0
1600,SMLT,2024-05-30,22:00:00,3628.0
1601,SMLT,2024-05-30,23:00:00,3628.0
1602,SMLT,2024-05-31,10:00:00,3628.0
1603,SMLT,2024-05-31,11:00:00,3628.0
1604,SMLT,2024-05-31,12:00:00,3628.0
1605,SMLT,2024-05-31,13:00:00,3628.0
1606,SMLT,2024-05-31,14:00:00,3628.0
1607,SMLT,2024-05-31,15:00:00,3628.0
1608,SMLT,2024-05-31,16:00:00,3628.0
1609,SMLT,2024-05-31,17:00:00,3628.0
1610,SMLT,2024-05-31,18:00:00,3628.0
1611,SMLT,2024-05-31,20:00:00,3628.0
1612,SMLT,2024-05-31,21:00:00,3628.0
1613,SMLT,2024-05-31,22:00:00,3628.0
1614,SMLT,2024-05-31,23:00:00,3628.0
1615,YNDX,2024-06-07,10:00:00,4356.2
1616,YNDX,2024-06-07,11:00:00,4356.2
1617,YNDX,2024-06-07,12:00:00,4356.2
1618,YNDX,2024-06-07,13:00:00,4356.2
1619,YNDX,2024-06-07,14:00:00,4356.2
1620,YNDX,2024-06-07,15:00:00,4356.2
1621,YNDX,2024-06-07,16:00:00,4356.2
1622,YNDX,2024-06-07,17:00:00,4356.2
1623,YNDX,2024-06-07,18:00:00,4356.2
1624,YNDX,2024-06-07,20:00:00,4356.2
1625,YNDX,2024-06-07,21:00:00,4356.2
1626,YNDX,2024-06-07,22:00:00,4356.2
1627,YNDX,2024-06-07,23:00:00,4356.2
1628,YNDX,2024-06-10,10:00:00,4356.2
1629,YNDX,2024-06-10,11:00:00,4356.2
1630,YNDX,2024-06-10,12:00:00,4356.2
1631,YNDX,2024-06-10,13:00:00,4356.2
1632,YNDX,2024-06-10,14:00:00,4356.2
1633,YNDX,2024-06-10,15:00:00,4356.2
1634,YNDX,2024-06-10,16:00:00,4356.2
1635,YNDX,2024-06-10,17:00:00,4356.2
1636,YNDX,2024-06-10,18:00:00,4356.2
1637,YNDX,2024-06-10,20:00:00,4356.2
1638,YNDX,2024-06-10,21:00:00,4356.2
1639,YNDX,2024-06-10,22:00:00,4356.2
1640,YNDX,2024-06-10,23:00:00,4356.2
1641,AGRO,2024-06-03,10:00:00,1577.0
1642,AGRO,2024-06-03,11:00:00,1577.0
1643,AGRO,2024-06-03,12:00:00,1577.0
1644,AGRO,2024-06-03,13:00:00,1577.0
1645,AGRO,2024-06-03,14:00:00,1577.0
1646,AGRO,2024-06-03,15:00:00,1577.0
1647,AGRO,2024-06-03,16:00:00,1577.0
1648,AGRO,2024-06-03,17:00:00,1577.0
1649,AGRO,2024-06-03,18:00:00,1577.0
1650,AGRO,2024-06-03,20:00:00,1577.0
1651,AGRO,2024-06-03,21:00:00,1577.0
1652,AGRO,2024-06-03,22:00:00,1577.0
1653,AGRO,2024-06-03,23:00:00,1577.0
1654,AGRO,2024-06-04,10:00:00,1577.0
1655,AGRO,2024-06-04,11:00:00,1577.0
1656,AGRO,2024-06-04,12:00:00,1577.0
1657,AGRO,2024-06-04,13:00:00,1577.0
1658,AGRO,2024-06-04,14:00:00,1577.0
1659,AGRO,2024-06-04,15:00:00,1577.0
1660,AGRO,2024-06-04,17:00:00,1577.0
1661,AGRO,2024-06-04,18:00:00,1577.0
1662,AGRO,2024-06-04,20:00:00,1577.0
1663,AGRO,2024-06-04,21:00:00,1577.0
1664,AGRO,2024-06-04,22:00:00,1577.0
1665,AGRO,2024-06-04,23:00:00,1577.0
1666,AGRO,2024-06-05,10:00:00,1577.0
1667,AGRO,2024-06-05,11:00:00,1577.0
1668,AGRO,2024-06-05,12:00:00,1577.0
1669,AGRO,2024-06-05,13:00:00,1577.0
1670,AGRO,2024-06-05,14:00:00,1577.0
1671,AGRO,2024-06-05,15:00:00,1577.0
1672,AGRO,2024-06-05,16:00:00,1577.0
1673,AGRO,2024-06-05,17:00:00,1577.0
1674,AGRO,2024-06-05,18:00:00,1577.0
1675,AGRO,2024-06-05,20:00:00,1577.0
1676,AGRO,2024-06-05,21:00:00,1577.0
1677,AGRO,2024-06-05,22:00:00,1577.0
1678,AGRO,2024-06-06,10:00:00,1577.0
1679,AGRO,2024-06-06,11:00:00,1577.0
1680,AGRO,2024-06-06,12:00:00,1577.0
1681,AGRO,2024-06-06,13:00:00,1577.0
1682,AGRO,2024-06-06,14:00:00,1577.0
1683,AGRO,2024-06-06,15:00:00,1577.0
1684,AGRO,2024-06-06,16:00:00,1577.0
1685,AGRO,2024-06-06,17:00:00,1577.0
1686,AGRO,2024-06-06,18:00:00,1577.0
1687,AGRO,2024-06-06,20:00:00,1577.0
1688,AGRO,2024-06-06,21:00:00,1577.0
1689,SIBN,2024-06-03,10:00:00,751.0
1690,SIBN,2024-06-03,11:00:00,751.0
1691,SIBN,2024-06-03,12:00:00,751.0
1692,SIBN,2024-06-03,13:00:00,751.0
1693,SIBN,2024-06-03,14:00:00,751.0
1694,SIBN,2024-06-03,15:00:00,751.0
1695,SIBN,2024-06-03,16:00:00,751.0
1696,SIBN,2024-06-03,17:00:00,751.0
1697,SIBN,2024-06-03,18:00:00,751.0
1698,SIBN,2024-06-03,20:00:00,751.0
1699,SIBN,2024-06-03,21:00:00,751.0
1700,SIBN,2024-06-03,22:00:00,751.0
1701,SIBN,2024-06-03,23:00:00,751.0
1702,SIBN,2024-06-04,10:00:00,751.0
1703,SIBN,2024-06-04,11:00:00,751.0
1704,SIBN,2024-06-04,12:00:00,751.0
1705,SIBN,2024-06-04,13:00:00,751.0
1706,SIBN,2024-06-04,14:00:00,751.0
1707,SIBN,2024-06-04,15:00:00,751.0
1708,SIBN,2024-06-04,16:00:00,751.0
1709,SIBN,2024-06-04,17:00:00,751.0
1710,SIBN,2024-06-04,18:00:00,751.0
1711,SIBN,2024-06-04,20:00:00,751.0
1712,SIBN,2024-06-04,21:00:00,751.0
1713,SIBN,2024-06-04,22:00:00,751.0
1714,SIBN,2024-06-04,23:00:00,751.0
1715,SIBN,2024-06-05,10:00:00,751.0
1716,SIBN,2024-06-05,11:00:00,751.0
1717,SIBN,2024-06-05,12:00:00,751.0
1718,SIBN,2024-06-05,13:00:00,751.0
1719,SIBN,2024-06-05,14:00:00,751.0
1720,SIBN,2024-06-05,15:00:00,751.0
1721,SIBN,2024-06-05,16:00:00,751.0
1722,SIBN,2024-06-05,17:00:00,751.0
1723,SIBN,2024-06-05,18:00:00,751.0
1724,SIBN,2024-06-05,20:00:00,751.0
1725,SIBN,2024-06-05,21:00:00,751.0
1726,SIBN,2024-06-05,22:00:00,751.0
1727,SIBN,2024-06-05,23:00:00,751.0
1728,SIBN,2024-06-06,10:00:00,751.0
1729,SIBN,2024-06-06,11:00:00,751.0
1730,SIBN,2024-06-06,12:00:00,751.0
1731,SIBN,2024-06-06,13:00:00,751.0
1732,SIBN,2024-06-06,14:00:00,751.0
1733,SIBN,2024-06-06,15:00:00,751.0
1734,SIBN,2024-06-06,16:00:00,751.0
1735,SIBN,2024-06-06,17:00:00,751.0
1736,SIBN,2024-06-06,18:00:00,751.0
1737,SIBN,2024-06-06,20:00:00,751.0
1738,SIBN,2024-06-06,21:00:00,751.0
1739,SIBN,2024-06-06,22:00:00,751.0
1740,SIBN,2024-06-06,23:00:00,751.0
1741,AGRO,2024-05-13,10:00:00,1577.0
1742,AGRO,2024-05-13,11:00:00,1577.0
1743,AGRO,2024-05-13,12:00:00,1577.0
1744,AGRO,2024-05-13,13:00:00,1577.0
1745,AGRO,2024-05-13,14:00:00,1577.0
1746,AGRO,2024-05-13,15:00:00,1577.0
1747,AGRO,2024-05-13,16:00:00,1577.0
1748,AGRO,2024-05-13,17:00:00,1577.0
1749,AGRO,2024-05-13,18:00:00,1577.0
1750,AGRO,2024-05-13,20:00:00,1577.0
1751,AGRO,2024-05-13,21:00:00,1577.0
1752,AGRO,2024-05-13,22:00:00,1577.0
1753,AGRO,2024-05-13,23:00:00,1577.0
1754,AGRO,2024-05-14,10:00:00,1577.0
1755,AGRO,2024-05-14,11:00:00,1577.0
1756,AGRO,2024-05-14,12:00:00,1577.0
1757,AGRO,2024-05-14,13:00:00,1577.0
1758,AGRO,2024-05-14,14:00:00,1577.0
1759,AGRO,2024-05-14,15:00:00,1577.0
1760,AGRO,2024-05-14,16:00:00,1577.0
1761,AGRO,2024-05-14,17:00:00,1577.0
1762,AGRO,2024-05-14,18:00:00,1577.0
1763,AGRO,2024-05-14,20:00:00,1577.0
1764,AGRO,2024-05-14,21:00:00,1577.0
1765,AGRO,2024-05-14,22:00:00,1577.0
1766,AGRO,2024-05-14,23:00:00,1577.0
1767,AGRO,2024-05-15,10:00:00,1577.0
1768,AGRO,2024-05-15,11:00:00,1577.0
1769,AGRO,2024-05-15,12:00:00,1577.0
1770,AGRO,2024-05-15,13:00:00,1577.0
1771,AGRO,2024-05-15,14:00:00,1577.0
1772,AGRO,2024-05-15,15:00:00,1577.0
1773,AGRO,2024-05-15,16:00:00,1577.0
1774,AGRO,2024-05-15,18:00:00,1577.0
1775,AGRO,2024-05-15,20:00:00,1577.0
1776,AGRO,2024-05-16,10:00:00,1577.0
1777,AGRO,2024-05-16,11:00:00,1577.0
1778,AGRO,2024-05-16,12:00:00,1577.0
1779,AGRO,2024-05-16,13:00:00,1577.0
1780,AGRO,2024-05-16,14:00:00,1577.0
1781,AGRO,2024-05-16,15:00:00,1577.0
1782,AGRO,2024-05-16,17:00:00,1577.0
1783,AGRO,2024-05-16,18:00:00,1577.0
1784,AGRO,2024-05-16,20:00:00,1577.0
1785,AGRO,2024-05-16,21:00:00,1577.0
1786,AGRO,2024-05-16,23:00:00,1577.0
1787,AGRO,2024-05-17,10:00:00,1577.0
1788,AGRO,2024-05-17,11:00:00,1577.0
1789,AGRO,2024-05-17,12:00:00,1577.0
1790,AGRO,2024-05-17,13:00:00,1577.0
1791,AGRO,2024-05-17,14:00:00,1577.0
1792,AGRO,2024-05-17,15:00:00,1577.0
1793,AGRO,2024-05-17,16:00:00,1577.0
1794,AGRO,2024-05-17,17:00:00,1577.0
1795,AGRO,2024-05-17,18:00:00,1577.0
1796,AGRO,2024-05-17,20:00:00,1577.0
1797,AGRO,2024-05-17,22:00:00,1577.0
1798,AGRO,2024-05-17,23:00:00,1577.0
1799,AGRO,2024-05-20,10:00:00,1577.0
1800,AGRO,2024-05-20,11:00:00,1577.0
1801,AGRO,2024-05-20,12:00:00,1577.0
1802,AGRO,2024-05-20,13:00:00,1577.0
1803,AGRO,2024-05-20,14:00:00,1577.0
1804,AGRO,2024-05-20,15:00:00,1577.0
1805,AGRO,2024-05-20,16:00:00,1577.0
1806,AGRO,2024-05-20,17:00:00,1577.0
1807,AGRO,2024-05-20,18:00:00,1577.0
1808,AGRO,2024-05-20,20:00:00,1577.0
1809,AGRO,2024-05-20,21:00:00,1577.0
1810,AGRO,2024-05-20,22:00:00,1577.0
1811,AGRO,2024-05-20,23:00:00,1577.0
1812,AGRO,2024-05-21,10:00:00,1577.0
1813,AGRO,2024-05-21,11:00:00,1577.0
1814,AGRO,2024-05-21,12:00:00,1577.0
1815,AGRO,2024-05-21,13:00:00,1577.0
1816,AGRO,2024-05-21,14:00:00,1577.0
1817,AGRO,2024-05-21,15:00:00,1577.0
1818,AGRO,2024-05-21,16:00:00,1577.0
1819,AGRO,2024-05-21,17:00:00,1577.0
1820,AGRO,2024-05-21,18:00:00,1577.0
1821,AGRO,2024-05-21,20:00:00,1577.0
1822,AGRO,2024-05-21,21:00:00,1577.0
1823,AGRO,2024-05-21,22:00:00,1577.0
1824,AGRO,2024-05-22,10:00:00,1577.0
1825,AGRO,2024-05-22,11:00:00,1577.0
1826,AGRO,2024-05-22,12:00:00,1577.0
1827,AGRO,2024-05-22,13:00:00,1577.0
1828,AGRO,2024-05-22,14:00:00,1577.0
1829,AGRO,2024-05-22,15:00:00,1577.0
1830,AGRO,2024-05-22,16:00:00,1577.0
1831,AGRO,2024-05-22,17:00:00,1577.0
1832,AGRO,2024-05-22,18:00:00,1577.0
1833,AGRO,2024-05-22,21:00:00,1577.0
1834,AGRO,2024-05-22,23:00:00,1577.0
1835,AGRO,2024-05-23,10:00:00,1577.0
1836,AGRO,2024-05-23,11:00:00,1577.0
1837,AGRO,2024-05-23,12:00:00,1577.0
1838,AGRO,2024-05-23,13:00:00,1577.0
1839,AGRO,2024-05-23,14:00:00,1577.0
1840,AGRO,2024-05-23,15:00:00,1577.0
1841,AGRO,2024-05-23,16:00:00,1577.0
1842,AGRO,2024-05-23,17:00:00,1577.0
1843,AGRO,2024-05-23,18:00:00,1577.0
1844,AGRO,2024-05-23,22:00:00,1577.0
1845,AGRO,2024-05-23,23:00:00,1577.0
1846,AGRO,2024-05-24,10:00:00,1577.0
1847,AGRO,2024-05-24,11:00:00,1577.0
1848,AGRO,2024-05-24,12:00:00,1577.0
1849,AGRO,2024-05-24,13:00:00,1577.0
1850,AGRO,2024-05-24,14:00:00,1577.0
1851,AGRO,2024-05-24,15:00:00,1577.0
1852,AGRO,2024-05-24,16:00:00,1577.0
1853,AGRO,2024-05-24,17:00:00,1577.0
1854,AGRO,2024-05-24,18:00:00,1577.0
1855,AGRO,2024-05-24,21:00:00,1577.0
1856,AGRO,2024-05-24,22:00:00,1577.0
1857,AGRO,2024-05-24,23:00:00,1577.0
1858,AGRO,2024-05-27,10:00:00,1577.0
1859,AGRO,2024-05-27,11:00:00,1577.0
1860,AGRO,2024-05-27,12:00:00,1577.0
1861,AGRO,2024-05-27,14:00:00,1577.0
1862,AGRO,2024-05-27,15:00:00,1577.0
1863,AGRO,2024-05-27,16:00:00,1577.0
1864,AGRO,2024-05-27,17:00:00,1577.0
1865,AGRO,2024-05-27,18:00:00,1577.0
1866,AGRO,2024-05-27,20:00:00,1577.0
1867,AGRO,2024-05-27,21:00:00,1577.0
1868,AGRO,2024-05-27,22:00:00,1577.0
1869,AGRO,2024-05-27,23:00:00,1577.0
1870,AGRO,2024-05-28,10:00:00,1577.0
1871,AGRO,2024-05-28,11:00:00,1577.0
1872,AGRO,2024-05-28,12:00:00,1577.0
1873,AGRO,2024-05-28,13:00:00,1577.0
1874,AGRO,2024-05-28,14:00:00,1577.0
1875,AGRO,2024-05-28,15:00:00,1577.0
1876,AGRO,2024-05-28,16:00:00,1577.0
1877,AGRO,2024-05-28,17:00:00,1577.0
1878,AGRO,2024-05-28,18:00:00,1577.0
1879,AGRO,2024-05-28,20:00:00,1577.0
1880,AGRO,2024-05-28,21:00:00,1577.0
1881,AGRO,2024-05-29,10:00:00,1577.0
1882,AGRO,2024-05-29,11:00:00,1577.0
1883,AGRO,2024-05-29,12:00:00,1577.0
1884,AGRO,2024-05-29,13:00:00,1577.0
1885,AGRO,2024-05-29,14:00:00,1577.0
1886,AGRO,2024-05-29,15:00:00,1577.0
1887,AGRO,2024-05-29,16:00:00,1577.0
1888,AGRO,2024-05-29,17:00:00,1577.0
1889,AGRO,2024-05-29,18:00:00,1577.0
1890,AGRO,2024-05-29,20:00:00,1577.0
1891,AGRO,2024-05-29,21:00:00,1577.0
1892,AGRO,2024-05-29,22:00:00,1577.0
1893,AGRO,2024-05-29,23:00:00,1577.0
1894,AGRO,2024-05-30,10:00:00,1577.0
1895,AGRO,2024-05-30,11:00:00,1577.0
1896,AGRO,2024-05-30,12:00:00,1577.0
1897,AGRO,2024-05-30,13:00:00,1577.0
1898,AGRO,2024-05-30,14:00:00,1577.0
1899,AGRO,2024-05-30,15:00:00,1577.0
1900,AGRO,2024-05-30,16:00:00,1577.0
1901,AGRO,2024-05-30,17:00:00,1577.0
1902,AGRO,2024-05-30,18:00:00,1577.0
1903,AGRO,2024-05-30,20:00:00,1577.0
1904,AGRO,2024-05-30,21:00:00,1577.0
1905,AGRO,2024-05-30,23:00:00,1577.0
1906,AGRO,2024-05-31,10:00:00,1577.0
1907,AGRO,2024-05-31,11:00:00,1577.0
1908,AGRO,2024-05-31,12:00:00,1577.0
1909,AGRO,2024-05-31,13:00:00,1577.0
1910,AGRO,2024-05-31,14:00:00,1577.0
1911,AGRO,2024-05-31,15:00:00,1577.0
1912,AGRO,2024-05-31,16:00:00,1577.0
1913,AGRO,2024-05-31,17:00:00,1577.0
1914,AGRO,2024-05-31,18:00:00,1577.0
1915,AGRO,2024-05-31,20:00:00,1577.0
1916,AGRO,2024-05-31,21:00:00,1577.0
1917,AGRO,2024-05-31,22:00:00,1577.0
1918,AGRO,2024-05-31,23:00:00,1577.0
1919,SIBN,2024-05-13,10:00:00,751.0
1920,SIBN,2024-05-13,11:00:00,751.0
1921,SIBN,2024-05-13,12:00:00,751.0
1922,SIBN,2024-05-13,13:00:00,751.0
1923,SIBN,2024-05-13,14:00:00,751.0
1924,SIBN,2024-05-13,15:00:00,751.0
1925,SIBN,2024-05-13,16:00:00,751.0
1926,SIBN,2024-05-13,17:00:00,751.0
1927,SIBN,2024-05-13,18:00:00,751.0
1928,SIBN,2024-05-13,23:00:00,751.0
1929,SIBN,2024-05-14,10:00:00,751.0
1930,SIBN,2024-05-14,11:00:00,751.0
1931,SIBN,2024-05-14,12:00:00,751.0
1932,SIBN,2024-05-14,13:00:00,751.0
1933,SIBN,2024-05-14,14:00:00,751.0
1934,SIBN,2024-05-14,15:00:00,751.0
1935,SIBN,2024-05-14,16:00:00,751.0
1936,SIBN,2024-05-14,17:00:00,751.0
1937,SIBN,2024-05-14,18:00:00,751.0
1938,SIBN,2024-05-14,20:00:00,751.0
1939,SIBN,2024-05-14,21:00:00,751.0
1940,SIBN,2024-05-14,22:00:00,751.0
1941,SIBN,2024-05-14,23:00:00,751.0
1942,SIBN,2024-05-15,10:00:00,751.0
1943,SIBN,2024-05-15,11:00:00,751.0
1944,SIBN,2024-05-15,12:00:00,751.0
1945,SIBN,2024-05-15,13:00:00,751.0
1946,SIBN,2024-05-15,14:00:00,751.0
1947,SIBN,2024-05-15,15:00:00,751.0
1948,SIBN,2024-05-15,16:00:00,751.0
1949,SIBN,2024-05-15,17:00:00,751.0
1950,SIBN,2024-05-15,18:00:00,751.0
1951,SIBN,2024-05-15,20:00:00,751.0
1952,SIBN,2024-05-15,21:00:00,751.0
1953,SIBN,2024-05-15,22:00:00,751.0
1954,SIBN,2024-05-15,23:00:00,751.0
1955,SIBN,2024-05-16,10:00:00,751.0
1956,SIBN,2024-05-16,11:00:00,751.0
1957,SIBN,2024-05-16,12:00:00,751.0
1958,SIBN,2024-05-16,13:00:00,751.0
1959,SIBN,2024-05-16,14:00:00,751.0
1960,SIBN,2024-05-16,15:00:00,751.0
1961,SIBN,2024-05-16,16:00:00,751.0
1962,SIBN,2024-05-16,17:00:00,751.0
1963,SIBN,2024-05-16,18:00:00,751.0
1964,SIBN,2024-05-16,20:00:00,751.0
1965,SIBN,2024-05-16,22:00:00,751.0
1966,SIBN,2024-05-17,10:00:00,751.0
1967,SIBN,2024-05-17,11:00:00,751.0
1968,SIBN,2024-05-17,12:00:00,751.0
1969,SIBN,2024-05-17,13:00:00,751.0
1970,SIBN,2024-05-17,14:00:00,751.0
1971,SIBN,2024-05-17,15:00:00,751.0
1972,SIBN,2024-05-17,16:00:00,751.0
1973,SIBN,2024-05-17,17:00:00,751.0
1974,SIBN,2024-05-17,18:00:00,751.0
1975,SIBN,2024-05-17,20:00:00,751.0
1976,SIBN,2024-05-20,10:00:00,751.0
1977,SIBN,2024-05-20,11:00:00,751.0
1978,SIBN,2024-05-20,12:00:00,751.0
1979,SIBN,2024-05-20,13:00:00,751.0
1980,SIBN,2024-05-20,14:00:00,751.0
1981,SIBN,2024-05-20,15:00:00,751.0
1982,SIBN,2024-05-20,16:00:00,751.0
1983,SIBN,2024-05-20,17:00:00,751.0
1984,SIBN,2024-05-20,18:00:00,751.0
1985,SIBN,2024-05-20,20:00:00,751.0
1986,SIBN,2024-05-20,21:00:00,751.0
1987,SIBN,2024-05-20,22:00:00,751.0
1988,SIBN,2024-05-20,23:00:00,751.0
1989,SIBN,2024-05-21,10:00:00,751.0
1990,SIBN,2024-05-21,11:00:00,751.0
1991,SIBN,2024-05-21,12:00:00,751.0
1992,SIBN,2024-05-21,13:00:00,751.0
1993,SIBN,2024-05-21,14:00:00,751.0
1994,SIBN,2024-05-21,15:00:00,751.0
1995,SIBN,2024-05-21,16:00:00,751.0
1996,SIBN,2024-05-21,17:00:00,751.0
1997,SIBN,2024-05-21,18:00:00,751.0
1998,SIBN,2024-05-21,20:00:00,751.0
1999,SIBN,2024-05-21,21:00:00,751.0
2000,SIBN,2024-05-21,22:00:00,751.0
2001,SIBN,2024-05-21,23:00:00,751.0
2002,SIBN,2024-05-22,10:00:00,751.0
2003,SIBN,2024-05-22,11:00:00,751.0
2004,SIBN,2024-05-22,12:00:00,751.0
2005,SIBN,2024-05-22,13:00:00,751.0
2006,SIBN,2024-05-22,14:00:00,751.0
2007,SIBN,2024-05-22,15:00:00,751.0
2008,SIBN,2024-05-22,16:00:00,751.0
2009,SIBN,2024-05-22,17:00:00,751.0
2010,SIBN,2024-05-22,18:00:00,751.0
2011,SIBN,2024-05-22,20:00:00,751.0
2012,SIBN,2024-05-22,21:00:00,751.0
2013,SIBN,2024-05-22,22:00:00,751.0
2014,SIBN,2024-05-22,23:00:00,751.0
2015,SIBN,2024-05-23,10:00:00,751.0
2016,SIBN,2024-05-23,11:00:00,751.0
2017,SIBN,2024-05-23,12:00:00,751.0
2018,SIBN,2024-05-23,13:00:00,751.0
2019,SIBN,2024-05-23,14:00:00,751.0
2020,SIBN,2024-05-23,15:00:00,751.0
2021,SIBN,2024-05-23,16:00:00,751.0
2022,SIBN,2024-05-23,17:00:00,751.0
2023,SIBN,2024-05-23,18:00:00,751.0
2024,SIBN,2024-05-23,20:00:00,751.0
2025,SIBN,2024-05-23,21:00:00,751.0
2026,SIBN,2024-05-23,22:00:00,751.0
2027,SIBN,2024-05-23,23:00:00,751.0
2028,SIBN,2024-05-24,10:00:00,751.0
2029,SIBN,2024-05-24,11:00:00,751.0
2030,SIBN,2024-05-24,12:00:00,751.0
2031,SIBN,2024-05-24,13:00:00,751.0
2032,SIBN,2024-05-24,14:00:00,751.0
2033,SIBN,2024-05-24,15:00:00,751.0
2034,SIBN,2024-05-24,16:00:00,751.0
2035,SIBN,2024-05-24,17:00:00,751.0
2036,SIBN,2024-05-24,18:00:00,751.0
2037,SIBN,2024-05-24,20:00:00,751.0
2038,SIBN,2024-05-24,21:00:00,751.0
2039,SIBN,2024-05-24,23:00:00,751.0
2040,SIBN,2024-05-27,10:00:00,751.0
2041,SIBN,2024-05-27,11:00:00,751.0
2042,SIBN,2024-05-27,12:00:00,751.0
2043,SIBN,2024-05-27,13:00:00,751.0
2044,SIBN,2024-05-27,14:00:00,751.0
2045,SIBN,2024-05-27,15:00:00,751.0
2046,SIBN,2024-05-27,16:00:00,751.0
2047,SIBN,2024-05-27,17:00:00,751.0
2048,SIBN,2024-05-27,18:00:00,751.0
2049,SIBN,2024-05-27,20:00:00,751.0
2050,SIBN,2024-05-27,21:00:00,751.0
2051,SIBN,2024-05-27,22:00:00,751.0
2052,SIBN,2024-05-27,23:00:00,751.0
2053,SIBN,2024-05-28,10:00:00,751.0
2054,SIBN,2024-05-28,11:00:00,751.0
2055,SIBN,2024-05-28,12:00:00,751.0
2056,SIBN,2024-05-28,13:00:00,751.0
2057,SIBN,2024-05-28,14:00:00,751.0
2058,SIBN,2024-05-28,15:00:00,751.0
2059,SIBN,2024-05-28,16:00:00,751.0
2060,SIBN,2024-05-28,17:00:00,751.0
2061,SIBN,2024-05-28,18:00:00,751.0
2062,SIBN,2024-05-28,20:00:00,751.0
2063,SIBN,2024-05-28,21:00:00,751.0
2064,SIBN,2024-05-28,22:00:00,751.0
2065,SIBN,2024-05-29,10:00:00,751.0
2066,SIBN,2024-05-29,11:00:00,751.0
2067,SIBN,2024-05-29,12:00:00,751.0
2068,SIBN,2024-05-29,13:00:00,751.0
2069,SIBN,2024-05-29,14:00:00,751.0
2070,SIBN,2024-05-29,15:00:00,751.0
2071,SIBN,2024-05-29,16:00:00,751.0
2072,SIBN,2024-05-29,17:00:00,751.0
2073,SIBN,2024-05-29,18:00:00,751.0
2074,SIBN,2024-05-29,20:00:00,751.0
2075,SIBN,2024-05-29,21:00:00,751.0
2076,SIBN,2024-05-29,22:00:00,751.0
2077,SIBN,2024-05-29,23:00:00,751.0
2078,SIBN,2024-05-30,10:00:00,751.0
2079,SIBN,2024-05-30,11:00:00,751.0
2080,SIBN,2024-05-30,12:00:00,751.0
2081,SIBN,2024-05-30,13:00:00,751.0
2082,SIBN,2024-05-30,14:00:00,751.0
2083,SIBN,2024-05-30,15:00:00,751.0
2084,SIBN,2024-05-30,16:00:00,751.0
2085,SIBN,2024-05-30,17:00:00,751.0
2086,SIBN,2024-05-30,18:00:00,751.0
2087,SIBN,2024-05-30,20:00:00,751.0
2088,SIBN,2024-05-30,21:00:00,751.0
2089,SIBN,2024-05-30,22:00:00,751.0
2090,SIBN,2024-05-30,23:00:00,751.0
2091,SIBN,2024-05-31,10:00:00,751.0
2092,SIBN,2024-05-31,11:00:00,751.0
2093,SIBN,2024-05-31,12:00:00,751.0
2094,SIBN,2024-05-31,13:00:00,751.0
2095,SIBN,2024-05-31,14:00:00,751.0
2096,SIBN,2024-05-31,15:00:00,751.0
2097,SIBN,2024-05-31,16:00:00,751.0
2098,SIBN,2024-05-31,17:00:00,751.0
2099,SIBN,2024-05-31,18:00:00,751.0
2100,SIBN,2024-05-31,20:00:00,751.0
2101,SIBN,2024-05-31,21:00:00,751.0
2102,SIBN,2024-05-31,22:00:00,751.0
2103,SIBN,2024-05-31,23:00:00,751.0
2104,SBER,2024-06-07,10:00:00,313.49
2105,SBER,2024-06-07,11:00:00,313.49
2106,SBER,2024-06-07,12:00:00,313.49
2107,SBER,2024-06-07,13:00:00,313.49
2108,SBER,2024-06-07,14:00:00,313.49
2109,SBER,2024-06-07,15:00:00,313.49
2110,SBER,2024-06-07,16:00:00,313.49
2111,SBER,2024-06-07,17:00:00,313.49
2112,SBER,2024-06-07,18:00:00,313.49
2113,SBER,2024-06-07,20:00:00,313.49
2114,SBER,2024-06-07,21:00:00,313.49
2115,SBER,2024-06-07,22:00:00,313.49
2116,SBER,2024-06-07,23:00:00,313.49
2117,SBER,2024-06-10,10:00:00,313.49
2118,SBER,2024-06-10,11:00:00,313.49
2119,SBER,2024-06-10,12:00:00,313.49
2120,SBER,2024-06-10,13:00:00,313.49
2121,SBER,2024-06-10,14:00:00,313.49
2122,SBER,2024-06-10,15:00:00,313.49
2123,SBER,2024-06-10,16:00:00,313.49
2124,SBER,2024-06-10,17:00:00,313.49
2125,SBER,2024-06-10,18:00:00,313.49
2126,SBER,2024-06-10,20:00:00,313.49
2127,SBER,2024-06-10,21:00:00,313.49
2128,SBER,2024-06-10,22:00:00,313.49
2129,SBER,2024-06-10,23:00:00,313.49
